_id,folder[0],folder[1],alt,filename,mimeType,filesize,width,height,focalX,focalY,sizes.thumbnail.width,sizes.thumbnail.height,sizes.thumbnail.mimeType,sizes.thumbnail.filesize,sizes.thumbnail.filename,createdAt,updatedAt,__v,sizes.thumbnail.url,thumbnailURL,url,prefix
672948261312084a1c54b83e,6729174def6789973d93fd19,672686323a2df83c953b3ce8,23 Terrace 1,23-terrace-1.webp,image/webp,555994,2400,1308,50,50,500,273,image/webp,77978,23 Terrace 1-500x273.webp,2024-11-04T22:18:14.497Z,2024-11-04T22:18:14.497Z,0,,,,
672949181312084a1c54b9ad,6729174def6789973d93fd19,,Centners Snow 011,centners-snow-011.webp,image/webp,579296,2400,1600,50,50,500,333,image/webp,95116,Centners Snow 011-500x333.webp,2024-11-04T22:22:16.154Z,2024-11-04T22:22:16.154Z,0,,,,
672949181312084a1c54b9b0,6729174def6789973d93fd19,,Bingham 027,bingham-027.webp,image/webp,812188,2500,1667,50,50,500,333,image/webp,97800,Bingham 027-500x333.webp,2024-11-04T22:22:16.304Z,2024-11-04T22:22:16.304Z,0,,,,
672949181312084a1c54b9b5,6729174def6789973d93fd19,,Crichton 010,crichton-010.webp,image/webp,267472,2400,1600,50,50,500,333,image/webp,75748,Crichton 010-500x333.webp,2024-11-04T22:22:16.351Z,2024-11-04T22:22:16.351Z,0,,,,
672949181312084a1c54b9b8,6729174def6789973d93fd19,672686323a2df83c953b3ce8,2019 Phtcc Photos Mnp Rd 65westwd 026,2019-phtcc-photos-mnp-rd-65westwd-026.webp,image/webp,886958,2354,2500,50,50,500,531,image/webp,138918,2019 PHTCC Photos MNP-RD-65WESTWD-026-500x531.webp,2024-11-04T22:22:16.456Z,2025-02-04T03:09:40.912Z,0,/api/media/file/2019 PHTCC Photos MNP-RD-65WESTWD-026-500x531.webp,/api/media/file/2019%20PHTCC%20Photos%20MNP-RD-65WESTWD-026-500x531.webp,/api/media/file/2019-phtcc-photos-mnp-rd-65westwd-026.webp,
672949191312084a1c54b9c2,6729174def6789973d93fd19,,28 Valentine Dr 08,28-valentine-dr---08.webp,image/webp,950236,2560,1707,50,50,500,333,image/webp,122888,28 Valentine Dr - 08-500x333.webp,2024-11-04T22:22:17.886Z,2024-11-04T22:22:17.886Z,0,,,,
672949191312084a1c54b9c6,6729174def6789973d93fd19,,D Souza Swim Spa,dsouza-swim-spa.webp,image/webp,941812,2560,1708,50,50,500,334,image/webp,118722,Dâ€™Souza Swim Spa-500x334.webp,2024-11-04T22:22:17.992Z,2024-11-04T22:22:17.992Z,0,,,,
6729491a1312084a1c54b9ca,6729174def6789973d93fd19,,Golf Position 1 1,golf-position-11.webp,image/webp,770890,2400,1600,50,50,500,333,image/webp,104502,Golf Position 1.1-500x333.webp,2024-11-04T22:22:18.238Z,2024-11-04T22:22:18.238Z,0,,,,
6729491a1312084a1c54b9d0,6729174def6789973d93fd19,,Haddington,haddington.webp,image/webp,1023574,2500,1667,50,50,500,333,image/webp,107024,Haddington-500x333.webp,2024-11-04T22:22:18.958Z,2024-11-04T22:22:18.958Z,0,,,,
6729491b1312084a1c54b9d5,6729174def6789973d93fd19,,Hastings 007,hastings-007.webp,image/webp,712858,2500,1667,50,50,500,333,image/webp,105072,Hastings 007-500x333.webp,2024-11-04T22:22:19.778Z,2024-11-04T22:22:19.778Z,0,,,,
6729491d1312084a1c54b9de,6729174def6789973d93fd19,,Koukarine Ht Ss 280 Hounslow Ave,koukarine-ht-ss-280-hounslow-ave.webp,image/webp,500312,2560,1707,50,50,500,333,image/webp,102572,Koukarine HT SS 280 Hounslow Ave-500x333.webp,2024-11-04T22:22:21.359Z,2024-11-04T22:22:21.359Z,0,,,,
6729491d1312084a1c54b9e2,6729174def6789973d93fd19,,Jennifer 1,jennifer-1.webp,image/webp,898320,2560,1707,50,50,500,333,image/webp,113724,Jennifer 1-500x333.webp,2024-11-04T22:22:21.490Z,2024-11-04T22:22:21.490Z,0,,,,
6729491e1312084a1c54b9ec,6729174def6789973d93fd19,672686323a2df83c953b3ce8,Lau Ss Ht,lau-ss-ht.webp,image/webp,989832,2560,1709,50,50,500,334,image/webp,120480,Lau SS HT-500x334.webp,2024-11-04T22:22:22.581Z,2024-11-04T22:22:22.581Z,0,,,,
6729491f1312084a1c54b9f4,6729174def6789973d93fd19,,Lonsmount 036,lonsmount-036.webp,image/webp,1165704,2313,2400,50,50,500,519,image/webp,165374,Lonsmount 036-500x519.webp,2024-11-04T22:22:23.564Z,2024-11-04T22:22:23.564Z,0,,,,
6729491f1312084a1c54b9f9,6729174def6789973d93fd19,,Mnp Bvp 150dd 007,mnp-bvp-150dd-007.webp,image/webp,745722,2500,1667,50,50,500,333,image/webp,100036,MNP BVP 150DD 007-500x333.webp,2024-11-04T22:22:23.718Z,2024-11-04T22:22:23.718Z,0,,,,
6729491f1312084a1c54b9fc,6729174def6789973d93fd19,67291756ef6789973d93fd53,Lytton Hot Tub,lytton-hot-tub.webp,image/webp,1073812,2500,2446,50,50,500,489,image/webp,145728,Lytton Hot Tub-500x489.webp,2024-11-04T22:22:23.786Z,2024-11-04T22:22:23.786Z,0,,,,
672949201312084a1c54ba04,6729174def6789973d93fd19,,Mnp Bv Crichton 008,mnp-bv-crichton-008.webp,image/webp,326326,2400,1600,50,50,500,333,image/webp,79632,MNP-BV-CRICHTON-008-500x333.webp,2024-11-04T22:22:24.367Z,2024-11-04T22:22:24.367Z,0,,,,
672949201312084a1c54ba08,6729174def6789973d93fd19,,Mnp Bvp 11ald 002,mnp-bvp-11ald-002.webp,image/webp,588024,2500,1667,50,50,500,333,image/webp,96706,MNP-BVP-11ALD-002-500x333.webp,2024-11-04T22:22:24.701Z,2024-11-04T22:22:24.701Z,0,,,,
672949211312084a1c54ba0c,6729174def6789973d93fd19,,Manserra Swim Spa 10,manserra-swim-spa-10.webp,image/webp,1246016,2560,1780,50,50,500,348,image/webp,127842,Manserra Swim Spa 10-500x348.webp,2024-11-04T22:22:25.385Z,2024-11-04T22:22:25.385Z,0,,,,
672949211312084a1c54ba10,6729174def6789973d93fd19,,Mnp Bvp 11ald 009,mnp-bvp-11ald-009.webp,image/webp,851502,2500,2285,50,50,500,457,image/webp,144944,MNP-BVP-11ALD-009-500x457.webp,2024-11-04T22:22:25.531Z,2024-11-04T22:22:25.531Z,0,,,,
672949211312084a1c54ba14,6729174def6789973d93fd19,,Mnp Bvp 150dd 021,mnp-bvp-150dd-021.webp,image/webp,587396,2500,1667,50,50,500,333,image/webp,100600,MNP-BVP-150DD-021-500x333.webp,2024-11-04T22:22:25.681Z,2024-11-04T22:22:25.681Z,0,,,,
672949231312084a1c54ba1c,6729174def6789973d93fd19,,Nichols 16 Executive Trainer,nichols-16-executive-trainer.webp,image/webp,980076,2560,1707,50,50,500,333,image/webp,118654,Nichols 16 Executive Trainer-500x333.webp,2024-11-04T22:22:27.360Z,2024-11-04T22:22:27.360Z,0,,,,
672949231312084a1c54ba20,6729174def6789973d93fd19,,Ole Burlay Ss,ole-burlay-ss.webp,image/webp,614144,2560,1709,50,50,500,334,image/webp,93324,Ole Burlay SS-500x334.webp,2024-11-04T22:22:27.647Z,2024-11-04T22:22:27.647Z,0,,,,
672949241312084a1c54ba26,6729174def6789973d93fd19,,Roncon Swim Spa 522 Balliol St,roncon-swim-spa-522-balliol-st.webp,image/webp,793086,2560,1707,50,50,500,333,image/webp,101434,Roncon Swim Spa 522 Balliol St-500x333.webp,2024-11-04T22:22:28.283Z,2024-11-04T22:22:28.283Z,0,,,,
672949241312084a1c54ba28,6729174def6789973d93fd19,,Roncon Swim Spa,roncon-swim-spa.webp,image/webp,726756,2560,1709,50,50,500,334,image/webp,110134,Roncon Swim Spa-500x334.webp,2024-11-04T22:22:28.313Z,2024-11-04T22:22:28.313Z,0,,,,
672949251312084a1c54ba32,6729174def6789973d93fd19,,Tanger 002,tanger-002.webp,image/webp,380582,2500,1666,50,50,500,333,image/webp,80100,Tanger 002-500x333.webp,2024-11-04T22:22:29.551Z,2024-11-04T22:22:29.551Z,0,,,,
672949251312084a1c54ba35,6729174def6789973d93fd19,,Sockalingam 14 Swim Spa,sockalingam-14-swim-spa.webp,image/webp,550798,2560,1707,50,50,500,333,image/webp,86980,Sockalingam 14 Swim Spa-500x333.webp,2024-11-04T22:22:29.588Z,2024-11-04T22:22:29.588Z,0,,,,
672949251312084a1c54ba38,6729174def6789973d93fd19,,Swim Spa 2 By Chris Brewer,swim-spa-2-by-chris-brewer.webp,image/webp,661560,2560,1707,50,50,500,333,image/webp,101914,Swim Spa 2 by Chris Brewer-500x333.webp,2024-11-04T22:22:29.726Z,2024-11-04T22:22:29.726Z,0,,,,
672949261312084a1c54ba3b,6729174def6789973d93fd19,672686323a2df83c953b3ce8,Tanger 8tang 012,tanger-8tang-012.webp,image/webp,360018,2500,1666,50,50,500,333,image/webp,77200,Tanger 8Tang 012-500x333.webp,2024-11-04T22:22:30.281Z,2024-11-04T22:22:30.281Z,0,,,,
672949261312084a1c54ba3e,6729174def6789973d93fd19,,Vernico 02,vernico-02.webp,image/webp,706266,2500,2000,50,50,500,400,image/webp,107758,Vernico 02-500x400.webp,2024-11-04T22:22:30.365Z,2024-11-04T22:22:30.365Z,0,,,,
672949261312084a1c54ba41,6729174def6789973d93fd19,,Swim Spa At 54 Cedar Brae,swim-spa-at-54-cedar-brae.webp,image/webp,992038,2560,1749,50,50,500,342,image/webp,123844,Swim Spa at 54 Cedar Brae-500x342.webp,2024-11-04T22:22:30.813Z,2024-11-04T22:22:30.813Z,0,,,,
67294b4a1312084a1c54bd54,6729174def6789973d93fd19,,Lonsmount 007,lonsmount-007.webp,image/webp,949186,2400,1600,50,50,500,333,image/webp,112648,Lonsmount 007-500x333.webp,2024-11-04T22:31:38.246Z,2024-11-04T22:31:38.246Z,0,,,,
67294b4a1312084a1c54bd57,6729174def6789973d93fd19,,Haddington Mnp Bv,haddington-mnp-bv.webp,image/webp,875480,2500,1667,50,50,500,333,image/webp,107742,Haddington MNP-BV-500x333.webp,2024-11-04T22:31:38.437Z,2024-11-04T22:31:38.437Z,0,,,,
67294b4b1312084a1c54bd5a,6729174def6789973d93fd19,,Flanigan Ss,flanigan-ss.webp,image/webp,647164,2560,1709,50,50,500,334,image/webp,100748,Flanigan SS-500x334.webp,2024-11-04T22:31:39.674Z,2024-11-04T22:31:39.674Z,0,,,,
67294b4b1312084a1c54bd5d,6729174def6789973d93fd19,,Joyce Swim Spa 56 Killdeer,joyce-swim-spa-56-killdeer.webp,image/webp,1185004,2560,1687,50,50,500,330,image/webp,124594,Joyce Swim Spa 56 Killdeer-500x330.webp,2024-11-04T22:31:39.885Z,2024-11-04T22:31:39.885Z,0,,,,
67294b4c1312084a1c54bd60,6729174def6789973d93fd19,,Lockington Bessborough,lockington-bessborough.webp,image/webp,815516,2560,1707,50,50,500,333,image/webp,103280,Lockington Bessborough-500x333.webp,2024-11-04T22:31:40.155Z,2024-11-04T22:31:40.155Z,0,,,,
67294c411312084a1c54bd97,6729174def6789973d93fd19,,Mnp Bv 186pv 003,mnp-bv-186pv-003.webp,image/webp,400455,2560,1920,50,78,500,375,image/webp,62934,MNP-BV-186PV-003-500x375.webp,2024-11-04T22:35:45.323Z,2024-11-04T22:35:45.323Z,0,,,,
672d425a6613f0d51efbc6c4,672d15e81006691619cdf6fd,,Hpser4300 Thumbnail,hpser4300-thumbnail.webp,image/webp,88258,1300,1300,50,50,500,500,image/webp,65630,HPSER4300-thumbnail-500x500.webp,2024-11-07T22:42:34.087Z,2024-11-07T22:42:34.087Z,0,,,,
672d425c6613f0d51efbc6c8,672d15e81006691619cdf6fd,,Hpser4300 Topside,hpser4300-topside.webp,image/webp,215630,2059,2829,50,50,500,687,image/webp,90392,HPSER4300-topside-500x687.webp,2024-11-07T22:42:36.935Z,2024-11-07T22:42:36.935Z,0,,,,
672d425f6613f0d51efbc6d0,672d15e81006691619cdf6fd,,Hpser4500 Thumbnail,hpser4500-thumbnail.webp,image/webp,90784,1300,1300,50,50,500,500,image/webp,66812,HPSER4500-thumbnail-500x500.webp,2024-11-07T22:42:39.339Z,2024-11-07T22:42:39.339Z,0,,,,
672d42626613f0d51efbc6d4,672d15e81006691619cdf6fd,,Hpser4500 Topside,hpser4500-topside.webp,image/webp,266850,2560,2552,50,50,500,498,image/webp,71884,HPSER4500-topside-500x498.webp,2024-11-07T22:42:42.845Z,2024-11-07T22:42:42.845Z,0,,,,
672d42656613f0d51efbc6dc,672d15e81006691619cdf6fd,,Hpser5900 Thumbnail,hpser5900-thumbnail.webp,image/webp,90826,1300,1300,50,50,500,500,image/webp,68474,HPSER5900-thumbnail-500x500.webp,2024-11-07T22:42:45.356Z,2024-11-07T22:42:45.356Z,0,,,,
672d42686613f0d51efbc6e0,672d15e81006691619cdf6fd,,Hpser5900 Topside,hpser5900-topside.webp,image/webp,237986,2560,2518,50,50,500,492,image/webp,66526,HPSER5900-topside-500x492.webp,2024-11-07T22:42:48.752Z,2024-11-07T22:42:48.752Z,0,,,,
672d426b6613f0d51efbc6e8,672d15e81006691619cdf6fd,,Hpser6600 Thumbnail,hpser6600-thumbnail.webp,image/webp,92288,1300,1300,50,50,500,500,image/webp,68412,HPSER6600-thumbnail-500x500.webp,2024-11-07T22:42:51.198Z,2024-11-07T22:42:51.198Z,0,,,,
672d426e6613f0d51efbc6ec,672d15e81006691619cdf6fd,,Hpser6600 Topside,hpser6600-topside.webp,image/webp,270458,2560,2569,50,50,500,502,image/webp,72986,HPSER6600-topside-500x502.webp,2024-11-07T22:42:54.800Z,2024-11-07T22:42:54.800Z,0,,,,
672d42716613f0d51efbc6f4,672d15e81006691619cdf6fd,,Hpser6800 Thumbnail,hpser6800-thumbnail.webp,image/webp,94754,1300,1300,50,50,500,500,image/webp,69840,HPSER6800-thumbnail-500x500.webp,2024-11-07T22:42:57.190Z,2024-11-07T22:42:57.190Z,0,,,,
672d42746613f0d51efbc6f8,672d15e81006691619cdf6fd,,Hpser6800 Topside,hpser6800-topside.webp,image/webp,318088,2560,2595,50,50,500,507,image/webp,80370,HPSER6800-topside-500x507.webp,2024-11-07T22:43:00.734Z,2024-11-07T22:43:00.734Z,0,,,,
672d42776613f0d51efbc700,672d16091006691619cdf7c1,,Hpet19ex Thumbnail,hpet19ex-thumbnail.webp,image/webp,60074,1080,1080,50,50,500,500,image/webp,57006,HPET19EX-thumbnail-500x500.webp,2024-11-07T22:43:03.308Z,2024-11-07T22:43:03.308Z,0,,,,
672d427a6613f0d51efbc704,672d16091006691619cdf7c1,,Hpet19ex Topside,hpet19ex-topside.webp,image/webp,338190,2560,5535,50,50,500,1081,image/webp,94822,HPET19EX-topside-500x1081.webp,2024-11-07T22:43:06.984Z,2024-11-07T22:43:06.984Z,0,,,,
672d427d6613f0d51efbc70c,672d16091006691619cdf7c1,,Hpet16ex Thumbnail,hpet16ex-thumbnail.webp,image/webp,63080,1080,1080,50,50,500,500,image/webp,57298,HPET16EX-thumbnail-500x500.webp,2024-11-07T22:43:09.392Z,2024-11-07T22:43:09.392Z,0,,,,
672d42806613f0d51efbc710,672d16091006691619cdf7c1,,Hpet16ex Topside,hpet16ex-topside.webp,image/webp,351706,2560,4952,50,50,500,967,image/webp,92566,HPET16EX-topside-500x967.webp,2024-11-07T22:43:12.944Z,2024-11-07T22:43:12.944Z,0,,,,
672d42836613f0d51efbc718,672d16091006691619cdf7c1,,Hpes19ex Thumbnail,hpes19ex-thumbnail.webp,image/webp,59976,1080,1080,50,50,500,500,image/webp,57336,HPES19EX-thumbnail-500x500.webp,2024-11-07T22:43:15.462Z,2024-11-07T22:43:15.462Z,0,,,,
672d42876613f0d51efbc71c,672d16091006691619cdf7c1,,Hpes19ex Topside,hpes19ex-topside.webp,image/webp,336256,2560,5535,50,50,500,1081,image/webp,93518,HPES19EX-topside-500x1081.webp,2024-11-07T22:43:19.113Z,2024-11-07T22:43:19.113Z,0,,,,
672d42896613f0d51efbc724,672d16091006691619cdf7c1,,Hpes16ex Thumbnail,hpes16ex-thumbnail.webp,image/webp,62086,1080,1080,50,50,500,500,image/webp,56850,HPES16EX-thumbnail-500x500.webp,2024-11-07T22:43:21.599Z,2024-11-07T22:43:21.599Z,0,,,,
672d428d6613f0d51efbc728,672d16091006691619cdf7c1,,Hpes16ex Topside,hpes16ex-topside.webp,image/webp,322280,2560,4952,50,50,500,967,image/webp,90532,HPES16EX-topside-500x967.webp,2024-11-07T22:43:25.179Z,2024-11-07T22:43:25.179Z,0,,,,
672d428f6613f0d51efbc730,672d16091006691619cdf7c1,,Hpas14ax Thumbnail,hpas14ax-thumbnail.webp,image/webp,54626,1080,1080,50,50,500,500,image/webp,54780,HPAS14AX-thumbnail-500x500.webp,2024-11-07T22:43:27.670Z,2024-11-07T22:43:27.670Z,0,,,,
672d42926613f0d51efbc734,672d16091006691619cdf7c1,,Hpas14ax Topside,hpas14ax-topside.webp,image/webp,157464,2160,3837,50,50,500,888,image/webp,91622,HPAS14AX-topside-500x888.webp,2024-11-07T22:43:30.255Z,2024-11-07T22:43:30.255Z,0,,,,
672d42946613f0d51efbc73c,672d16091006691619cdf7c1,,Hpas17ax Thumbnail,hpas17ax-thumbnail.webp,image/webp,58702,1080,1080,50,50,500,500,image/webp,60076,HPAS17AX-thumbnail-500x500.webp,2024-11-07T22:43:32.772Z,2024-11-07T22:43:32.772Z,0,,,,
672d42976613f0d51efbc740,672d16091006691619cdf7c1,,Hpas17ax Topside,hpas17ax-topside.webp,image/webp,184238,2160,4589,50,50,500,1062,image/webp,104996,HPAS17AX-topside-500x1062.webp,2024-11-07T22:43:35.479Z,2024-11-07T22:43:35.479Z,0,,,,
672d42996613f0d51efbc748,672d16091006691619cdf7c1,,Hpas19dtax Thumbnail,hpas19dtax-thumbnail.webp,image/webp,63486,1080,1080,50,50,500,500,image/webp,61094,HPAS19DTAX-thumbnail-500x500.webp,2024-11-07T22:43:37.990Z,2024-11-07T22:43:37.990Z,0,,,,
672d429d6613f0d51efbc74c,672d16091006691619cdf7c1,,Hpas19dtax Topside,hpas19dtax-topside.webp,image/webp,368706,2560,6139,50,50,500,1199,image/webp,131730,HPAS19DTAX-topside-500x1199.webp,2024-11-07T22:43:41.837Z,2024-11-07T22:43:41.837Z,0,,,,
672d42a06613f0d51efbc754,672d16091006691619cdf7c1,,Hpat17ax Thumbnail,hpat17ax-thumbnail.webp,image/webp,53706,1080,1080,50,50,500,500,image/webp,58412,HPAT17AX-thumbnail-500x500.webp,2024-11-07T22:43:44.292Z,2024-11-07T22:43:44.292Z,0,,,,
672d42a36613f0d51efbc758,672d16091006691619cdf7c1,,Hpat17ax Topside,hpat17ax-topside.webp,image/webp,187520,2160,4589,50,50,500,1062,image/webp,105450,HPAT17AX-topside-500x1062.webp,2024-11-07T22:43:47.012Z,2024-11-07T22:43:47.012Z,0,,,,
672d42a56613f0d51efbc760,672d16091006691619cdf7c1,,Hpat14ax Thumbnail,hpat14ax-thumbnail.webp,image/webp,56046,1080,1080,50,50,500,500,image/webp,55412,HPAT14AX-thumbnail-500x500.webp,2024-11-07T22:43:49.420Z,2024-11-07T22:43:49.420Z,0,,,,
672d42a86613f0d51efbc764,672d16091006691619cdf7c1,,Hpat14ax Topside,hpat14ax-topside.webp,image/webp,161246,2160,3837,50,50,500,888,image/webp,93618,HPAT14AX-topside-500x888.webp,2024-11-07T22:43:52.024Z,2024-11-07T22:43:52.024Z,0,,,,
672d42aa6613f0d51efbc76c,672d16091006691619cdf7c1,,Hpat19dtax Thumbnail,hpat19dtax-thumbnail.webp,image/webp,63034,1080,1080,50,50,500,500,image/webp,62526,HPAT19DTAX-thumbnail-500x500.webp,2024-11-07T22:43:54.450Z,2024-11-07T22:43:54.450Z,0,,,,
672d42ae6613f0d51efbc770,672d16091006691619cdf7c1,,Hpat19dtax Topside,hpat19dtax-topside.webp,image/webp,407798,2560,6313,50,50,500,1233,image/webp,142318,HPAT19DTAX-topside-500x1233.webp,2024-11-07T22:43:58.405Z,2024-11-07T22:43:58.405Z,0,,,,
672d42b06613f0d51efbc778,672d16091006691619cdf7c1,,Hp13ffp Thumbnail,hp13ffp-thumbnail.webp,image/webp,53598,1080,1080,50,50,500,500,image/webp,52064,HP13FFP-thumbnail-500x500.webp,2024-11-07T22:44:00.773Z,2024-11-07T22:44:00.773Z,0,,,,
672d42b86613f0d51efbc77c,672d16091006691619cdf7c1,,Hp13ffp Topside,hp13ffp-topside.webp,image/webp,111456,2560,1440,50,50,500,281,image/webp,27628,HP13FFP-topside-500x281.webp,2024-11-07T22:44:08.685Z,2024-11-07T22:44:08.685Z,0,,,,
672d42bb6613f0d51efbc784,672d15e81006691619cdf6fd,,Hpser6900 Thumbnail,hpser6900-thumbnail.webp,image/webp,76192,1300,1300,50,50,500,500,image/webp,57530,HPSER6900-thumbnail-500x500.webp,2024-11-07T22:44:11.135Z,2024-11-07T22:44:11.135Z,0,,,,
672d42be6613f0d51efbc788,672d15e81006691619cdf6fd,,Hpser6900 Topside,hpser6900-topside.webp,image/webp,191650,2400,2408,50,50,500,502,image/webp,73554,HPSER6900-topside-500x502.webp,2024-11-07T22:44:14.324Z,2024-11-07T22:44:14.324Z,0,,,,
672d42c06613f0d51efbc790,672d15e81006691619cdf6fd,,Hpscht379 Thumbnail,hpscht379-thumbnail.webp,image/webp,93626,1300,1300,50,50,500,500,image/webp,68868,HPSCHT379-thumbnail-500x500.webp,2024-11-07T22:44:16.713Z,2024-11-07T22:44:16.713Z,0,,,,
672d42c36613f0d51efbc794,672d15e81006691619cdf6fd,,Hpscht379 Topside,hpscht379-topside.webp,image/webp,96406,2000,1542,50,50,500,386,image/webp,51548,HPSCHT379-topside-500x386.webp,2024-11-07T22:44:19.471Z,2024-11-07T22:44:19.471Z,0,,,,
672d42c66613f0d51efbc79c,672d15e81006691619cdf6fd,,Hpscht455 Thumbnail,hpscht455-thumbnail.webp,image/webp,102144,1300,1300,50,50,500,500,image/webp,69264,HPSCHT455-thumbnail-500x500.webp,2024-11-07T22:44:22.398Z,2024-11-07T22:44:22.398Z,0,,,,
672d42c96613f0d51efbc7a0,672d15e81006691619cdf6fd,,Hpscht455 Topside,hpscht455-topside.webp,image/webp,123772,2000,2000,50,50,500,500,image/webp,66524,HPSCHT455-topside-500x500.webp,2024-11-07T22:44:25.194Z,2024-11-07T22:44:25.194Z,0,,,,
672d42cb6613f0d51efbc7a8,672d15e81006691619cdf6fd,,Hpscht579 Thumbnail,hpscht579-thumbnail.webp,image/webp,108178,1300,1300,50,50,500,500,image/webp,73842,HPSCHT579-thumbnail-500x500.webp,2024-11-07T22:44:27.626Z,2024-11-07T22:44:27.626Z,0,,,,
672d42ce6613f0d51efbc7ac,672d15e81006691619cdf6fd,,Hpscht579 Topside,hpscht579-topside.webp,image/webp,169772,2000,2000,50,50,500,500,image/webp,75570,HPSCHT579-topside-500x500.webp,2024-11-07T22:44:30.209Z,2024-11-07T22:44:30.209Z,0,,,,
672d42d06613f0d51efbc7b4,672d15e81006691619cdf6fd,,Hpscht679 Thumbnail,hpscht679-thumbnail.webp,image/webp,111822,1300,1300,50,50,500,500,image/webp,75686,HPSCHT679-thumbnail-500x500.webp,2024-11-07T22:44:32.690Z,2024-11-07T22:44:32.690Z,0,,,,
672d42d36613f0d51efbc7b8,672d15e81006691619cdf6fd,,Hpscht679 Topside,hpscht679-topside.webp,image/webp,149576,2000,2000,50,50,500,500,image/webp,80616,HPSCHT679-topside-500x500.webp,2024-11-07T22:44:35.239Z,2024-11-07T22:44:35.239Z,0,,,,
672d42d56613f0d51efbc7c0,672d15e81006691619cdf6fd,,Hpscht655 Thumbnail,hpscht655-thumbnail.webp,image/webp,110370,1300,1300,50,50,500,500,image/webp,75568,HPSCHT655-thumbnail-500x500.webp,2024-11-07T22:44:37.664Z,2024-11-07T22:44:37.664Z,0,,,,
672d42d86613f0d51efbc7c4,672d15e81006691619cdf6fd,,Hpscht655 Topside,hpscht655-topside.webp,image/webp,125460,2000,2000,50,50,500,500,image/webp,63962,HPSCHT655-topside-500x500.webp,2024-11-07T22:44:40.213Z,2024-11-07T22:44:40.213Z,0,,,,
672d42da6613f0d51efbc7cc,672d15e81006691619cdf6fd,,Hpscht728 Thumbnail,hpscht728-thumbnail.webp,image/webp,95250,1300,1300,50,50,500,500,image/webp,70774,HPSCHT728-thumbnail-500x500.webp,2024-11-07T22:44:42.613Z,2024-11-07T22:44:42.613Z,0,,,,
672d42dd6613f0d51efbc7d0,672d15e81006691619cdf6fd,,Hpscht728 Topside,hpscht728-topside.webp,image/webp,166734,2000,2000,50,50,500,500,image/webp,79822,HPSCHT728-topside-500x500.webp,2024-11-07T22:44:45.238Z,2024-11-07T22:44:45.238Z,0,,,,
672d42df6613f0d51efbc7d8,672d15e81006691619cdf6fd,,Hpscht779 Thumbnail,hpscht779-thumbnail.webp,image/webp,107312,1300,1300,50,50,500,500,image/webp,72792,HPSCHT779-thumbnail-500x500.webp,2024-11-07T22:44:47.667Z,2024-11-07T22:44:47.667Z,0,,,,
672d42e26613f0d51efbc7dc,672d15e81006691619cdf6fd,,Hpscht779 Topside,hpscht779-topside.webp,image/webp,155200,2000,2000,50,50,500,500,image/webp,71136,HPSCHT779-topside-500x500.webp,2024-11-07T22:44:50.212Z,2024-11-07T22:44:50.212Z,0,,,,
672d42e46613f0d51efbc7e4,672d15e81006691619cdf6fd,,Hpscht799 Thumbnail,hpscht799-thumbnail.webp,image/webp,76998,1300,1300,50,50,500,500,image/webp,66230,HPSCHT799-thumbnail-500x500.webp,2024-11-07T22:44:52.641Z,2024-11-07T22:44:52.641Z,0,,,,
672d42e86613f0d51efbc7e8,672d15e81006691619cdf6fd,,Hpscht799 Topside,hpscht799-topside.webp,image/webp,226908,2560,2421,50,50,500,473,image/webp,55926,HPSCHT799-topside-500x473.webp,2024-11-07T22:44:56.025Z,2024-11-07T22:44:56.025Z,0,,,,
672d9af51006691619ce10dc,67291756ef6789973d93fd53,,Boniferro 23,boniferro-23.webp,image/webp,615738,2400,2045,50,50,500,426,image/webp,116570,Boniferro 23-500x426.webp,2024-11-08T05:00:37.299Z,2024-11-08T05:00:37.299Z,0,,,,
672d9af51006691619ce10da,67291756ef6789973d93fd53,,Dewitt 006,dewitt-006.webp,image/webp,267358,2000,1333,50,50,500,333,image/webp,89444,Dewitt 006-500x333.webp,2024-11-08T05:00:37.280Z,2024-11-08T05:00:37.280Z,0,,,,
672d9af51006691619ce10e0,67291756ef6789973d93fd53,672686323a2df83c953b3ce8,Farnham 25,farnham-25.webp,image/webp,969108,2400,1600,50,50,500,333,image/webp,117678,Farnham 25-500x333.webp,2024-11-08T05:00:37.405Z,2024-11-08T05:00:37.405Z,0,,,,
672d9af51006691619ce10e5,67291756ef6789973d93fd53,,Farnham 61 Hydroplant,farnham-61-hydroplant.webp,image/webp,877608,2397,2400,50,50,500,501,image/webp,144146,Farnham 61 Hydroplant-500x501.webp,2024-11-08T05:00:37.572Z,2024-11-08T05:00:37.572Z,0,,,,
672d9af71006691619ce10ec,672686323a2df83c953b3ce8,67291756ef6789973d93fd53,Gary Maceachern Hot Tub,gary-maceachern-hot-tub.webp,image/webp,794222,2560,1709,50,50,500,334,image/webp,116404,Gary MacEachern Hot Tub-500x334.webp,2024-11-08T05:00:39.027Z,2024-11-08T05:00:39.027Z,0,,,,
672d9af71006691619ce10f2,67291756ef6789973d93fd53,,Coivic Built In 720,coivic-built-in-720.webp,image/webp,966474,2560,1731,50,50,500,338,image/webp,118916,Coivic Built-in 720-500x338.webp,2024-11-08T05:00:39.743Z,2024-11-08T05:00:39.743Z,0,,,,
672d9af81006691619ce10f9,67291756ef6789973d93fd53,672686323a2df83c953b3ce8,Mantella 001,mantella-001.webp,image/webp,443782,2477,2500,50,50,500,505,image/webp,98540,Mantella 001-500x505.webp,2024-11-08T05:00:40.959Z,2024-11-08T05:00:40.959Z,0,,,,
672d9af91006691619ce10fe,67291756ef6789973d93fd53,,Hot Tub At 29 Cosmic Dr,hot-tub-at-29-cosmic-dr.webp,image/webp,796432,2560,1707,50,50,500,333,image/webp,111830,Hot Tub at 29 Cosmic Dr-500x333.webp,2024-11-08T05:00:41.260Z,2024-11-08T05:00:41.260Z,0,,,,
672d9af91006691619ce1102,67291756ef6789973d93fd53,,Joyce Swim Spa,joyce-swim-spa.webp,image/webp,598488,2560,1707,50,50,500,333,image/webp,100532,Joyce Swim Spa-500x333.webp,2024-11-08T05:00:41.787Z,2024-11-08T05:00:41.787Z,0,,,,
672d9afb1006691619ce110b,67291756ef6789973d93fd53,,Pressman Hot Tub 150 Joicey Blvd,pressman-hot-tub-150-joicey-blvd.webp,image/webp,1079032,2560,1707,50,50,500,333,image/webp,121620,Pressman Hot Tub 150 Joicey Blvd-500x333.webp,2024-11-08T05:00:43.455Z,2024-11-08T05:00:43.455Z,0,,,,
672d9afc1006691619ce1110,67291756ef6789973d93fd53,,Ranallo Hot Tub 220 Rosemount Ave 1,ranallo-hot-tub-220-rosemount-ave-1.webp,image/webp,692150,2560,1705,50,50,500,333,image/webp,108394,Ranallo Hot Tub 220 Rosemount Ave (1)-500x333.webp,2024-11-08T05:00:44.283Z,2024-11-08T05:00:44.283Z,0,,,,
672d9afc1006691619ce1115,67291756ef6789973d93fd53,,Ranallo Hot Tub 220 Rosemount Ave,ranallo-hot-tub-220-rosemount-ave.webp,image/webp,951188,2560,1707,50,50,500,333,image/webp,112302,Ranallo Hot Tub 220 Rosemount Ave-500x333.webp,2024-11-08T05:00:44.872Z,2024-11-08T05:00:44.872Z,0,,,,
672d9afd1006691619ce1119,67291756ef6789973d93fd53,,Wagner Ht Fer6925,wagner-ht-fer6925.webp,image/webp,737618,2560,1709,50,50,500,334,image/webp,109700,Wagner HT FER6925-500x334.webp,2024-11-08T05:00:45.026Z,2024-11-08T05:00:45.026Z,0,,,,
672d9afd1006691619ce111e,67291756ef6789973d93fd53,,Rochester Ave Hot Tub,rochester-ave-hot-tub.webp,image/webp,873888,2560,1707,50,50,500,333,image/webp,120224,Rochester Ave Hot Tub-500x333.webp,2024-11-08T05:00:45.277Z,2024-11-08T05:00:45.277Z,0,,,,
672d9afe1006691619ce1121,672686323a2df83c953b3ce8,67291756ef6789973d93fd53,Yewfield Hot Tub,yewfield-hot-tub.webp,image/webp,807152,2400,1600,50,50,500,333,image/webp,106114,Yewfield Hot Tub-500x333.webp,2024-11-08T05:00:46.192Z,2024-11-08T05:00:46.192Z,0,,,,
672d9afe1006691619ce1124,67291756ef6789973d93fd53,,Wagner Ht,wagner-ht.webp,image/webp,729616,2560,1709,50,50,500,334,image/webp,101922,Wagner HT-500x334.webp,2024-11-08T05:00:46.255Z,2024-11-08T05:00:46.255Z,0,,,,
672d9afe1006691619ce1127,67291756ef6789973d93fd53,,Wallace Hot Tub Berkinshaw,wallace-hot-tub-berkinshaw.webp,image/webp,703568,2560,1708,50,50,500,333,image/webp,103766,Wallace Hot Tub Berkinshaw-500x333.webp,2024-11-08T05:00:46.474Z,2024-11-08T05:00:46.474Z,0,,,,
672d9ba81006691619ce1192,67291756ef6789973d93fd53,,Koukarine Ht Ss 280,koukarine-ht-ss-280.webp,image/webp,734602,2560,1707,50,50,500,333,image/webp,105380,koukarine-ht-ss-280-500x333.webp,2024-11-08T05:03:36.151Z,2024-11-08T05:04:31.416Z,0,/api/media/file/Koukarine HT SS 280-500x333.webp,/api/media/file/Koukarine HT SS 280-500x333.webp,/api/media/file/koukarine-ht-ss-280.webp,
672d9c511006691619ce136b,672686323a2df83c953b3ce8,,Mnp Et 211gr 067,mnp-et-211gr-067.webp,image/webp,485070,2500,1667,50,50,500,333,image/webp,83028,MNP-ET-211GR-067-500x333.webp,2024-11-08T05:06:25.448Z,2024-11-08T05:06:25.448Z,0,,,,
672d9c511006691619ce136e,672686323a2df83c953b3ce8,,Belchetz 150 Douglas,belchetz-150-douglas.webp,image/webp,756186,2500,1667,50,50,500,333,image/webp,113050,Belchetz 150 Douglas-500x333.webp,2024-11-08T05:06:25.766Z,2024-11-08T05:06:25.766Z,0,,,,
672d9cbb1006691619ce13fd,672686323a2df83c953b3ce8,,Karshafian 4 Parmbelle 1,karshafian-4-parmbelle-1.webp,image/webp,409700,2500,1667,50,50,500,333,image/webp,75622,Karshafian 4 Parmbelle (1)-500x333.webp,2024-11-08T05:08:11.120Z,2024-11-08T05:08:11.120Z,0,,,,
672d9cbb1006691619ce1400,672686323a2df83c953b3ce8,,Mnp Et 211gr 043,mnp-et-211gr-043.webp,image/webp,547708,2500,1667,50,50,500,333,image/webp,78184,MNP-ET-211GR-043-500x333.webp,2024-11-08T05:08:11.196Z,2024-11-08T05:08:11.196Z,0,,,,
672d9cbb1006691619ce1402,672686323a2df83c953b3ce8,,Mnp Et 211gr 019,mnp-et-211gr-019.webp,image/webp,257330,2500,1667,50,50,500,333,image/webp,63826,MNP-ET-211GR-019-500x333.webp,2024-11-08T05:08:11.214Z,2024-11-08T05:08:11.214Z,0,,,,
672d9cbb1006691619ce1408,672686323a2df83c953b3ce8,,Third Line Full 33,third-line---full-33.webp,image/webp,473780,2560,1707,50,50,500,333,image/webp,92056,Third Line - Full-33-500x333.webp,2024-11-08T05:08:11.752Z,2024-11-08T05:08:11.752Z,0,,,,
672d9cbc1006691619ce140b,672686323a2df83c953b3ce8,,Third Line Full 42,third-line---full-42.webp,image/webp,955728,2560,3840,50,50,500,750,image/webp,160314,Third Line - Full-42-500x750.webp,2024-11-08T05:08:12.080Z,2024-11-08T05:08:12.080Z,0,,,,
672d9cbc1006691619ce1410,672686323a2df83c953b3ce8,,2020 Backyard Escapes,2020-backyard-escapes.webp,image/webp,407286,2560,1707,50,50,500,333,image/webp,65108,2020 Backyard Escapes-500x333.webp,2024-11-08T05:08:12.501Z,2024-11-08T05:08:12.501Z,0,,,,
672d9cbd1006691619ce1413,672686323a2df83c953b3ce8,,Third Line Full 43,third-line---full-43.webp,image/webp,515536,2560,1707,50,50,500,333,image/webp,88046,Third Line - Full-43-500x333.webp,2024-11-08T05:08:13.301Z,2024-11-08T05:08:13.301Z,0,,,,
672d9cbe1006691619ce1416,672686323a2df83c953b3ce8,,Third Line Full 51,third-line---full-51.webp,image/webp,889532,2560,1707,50,50,500,333,image/webp,104366,Third Line - Full-51-500x333.webp,2024-11-08T05:08:14.263Z,2024-11-08T05:08:14.263Z,0,,,,
672d9d291006691619ce150e,672686323a2df83c953b3ce8,,Dekko Fire Features,dekko-fire-features.webp,image/webp,111804,1066,1600,50,50,500,750,image/webp,150356,Dekko Fire Features-500x750.webp,2024-11-08T05:10:01.695Z,2024-11-08T05:10:01.695Z,0,,,,
672d9d291006691619ce150c,672686323a2df83c953b3ce8,,Dekko Fire Features 1,dekko-fire-features-1.webp,image/webp,108582,1066,1600,50,50,500,750,image/webp,132566,Dekko Fire Features (1)-500x750.webp,2024-11-08T05:10:01.692Z,2024-11-08T05:10:01.692Z,0,,,,
672d9d291006691619ce1512,672686323a2df83c953b3ce8,,Dekko Fire Features Master 2,dekko-fire-features-master-2.webp,image/webp,1253664,2560,2169,50,50,500,424,image/webp,153356,Dekko Fire Features Master (2)-500x424.webp,2024-11-08T05:10:01.842Z,2024-11-08T05:10:01.842Z,0,,,,
672d9d2a1006691619ce1517,672686323a2df83c953b3ce8,,Dekko Fire Features Master,dekko-fire-features-master.webp,image/webp,1256092,2560,3827,50,50,500,747,image/webp,186752,Dekko Fire Features Master-500x747.webp,2024-11-08T05:10:02.135Z,2024-11-08T05:10:02.135Z,0,,,,
672d9d2a1006691619ce151c,672686323a2df83c953b3ce8,,Dekko Fire Features Master 3,dekko-fire-features-master-3.webp,image/webp,1815932,2560,3700,50,50,500,723,image/webp,173706,Dekko Fire Features Master (3)-500x723.webp,2024-11-08T05:10:02.521Z,2024-11-08T05:10:02.521Z,0,,,,
672d9d2a1006691619ce151f,672686323a2df83c953b3ce8,,Dekko Fire Features Master 1,dekko-fire-features-master-1.webp,image/webp,623890,2560,1707,50,50,500,333,image/webp,88674,Dekko Fire Features Master (1)-500x333.webp,2024-11-08T05:10:02.593Z,2024-11-08T05:10:02.593Z,0,,,,
672d9d2c1006691619ce1529,672686323a2df83c953b3ce8,,Dekko Lifestyle Image 10,dekko-lifestyle-image-10.webp,image/webp,450278,2560,3157,50,50,500,617,image/webp,131938,Dekko Lifestyle Image 10-500x617.webp,2024-11-08T05:10:04.327Z,2024-11-08T05:10:04.327Z,0,,,,
672d9d2c1006691619ce152e,672686323a2df83c953b3ce8,,Dekko Lifestyle Bravo1,dekko-lifestyle-bravo1.webp,image/webp,305804,2560,1707,50,50,500,333,image/webp,63700,Dekko Lifestyle Bravo1-500x333.webp,2024-11-08T05:10:04.587Z,2024-11-08T05:10:04.587Z,0,,,,
672d9d2c1006691619ce1531,672686323a2df83c953b3ce8,,Dekko Serenade 1,dekko-serenade-1.webp,image/webp,55458,696,1080,50,50,500,776,image/webp,125966,Dekko Serenade (1)-500x776.webp,2024-11-08T05:10:04.682Z,2024-11-08T05:10:04.682Z,0,,,,
672d9d2c1006691619ce1538,672686323a2df83c953b3ce8,,Dekko Lifestyle Sonoma,dekko-lifestyle-sonoma.webp,image/webp,426836,2560,1707,50,50,500,333,image/webp,93022,Dekko lifestyle Sonoma-500x333.webp,2024-11-08T05:10:04.843Z,2024-11-08T05:10:04.843Z,0,,,,
672d9d2d1006691619ce153f,672686323a2df83c953b3ce8,,Dekko Lifestyle,dekko-lifestyle.webp,image/webp,178118,2560,1707,50,50,500,333,image/webp,61064,Dekko Lifestyle-500x333.webp,2024-11-08T05:10:05.613Z,2024-11-08T05:10:05.613Z,0,,,,
672d9d2d1006691619ce1543,672686323a2df83c953b3ce8,,Dewitt 033,dewitt-033.webp,image/webp,224066,2000,1333,50,50,500,333,image/webp,76216,Dewitt 033-500x333.webp,2024-11-08T05:10:05.811Z,2024-11-08T05:10:05.811Z,0,,,,
672d9d2e1006691619ce154a,672686323a2df83c953b3ce8,,Karshafian 4 Parmbelle 2,karshafian-4-parmbelle-2.webp,image/webp,250802,2500,1667,50,50,500,333,image/webp,61930,Karshafian 4 Parmbelle (2)-500x333.webp,2024-11-08T05:10:06.285Z,2024-11-08T05:10:06.285Z,0,,,,
672d9d2e1006691619ce154f,672686323a2df83c953b3ce8,,Mnp Bvp 123nc 010,mnp-bvp-123nc-010.webp,image/webp,236216,2560,1920,50,50,500,375,image/webp,65540,MNP-BVP-123NC-010-500x375.webp,2024-11-08T05:10:06.753Z,2024-11-08T05:10:06.753Z,0,,,,
672d9d2f1006691619ce1553,672686323a2df83c953b3ce8,,Tanger 02,tanger-02.webp,image/webp,194254,2500,1667,50,50,500,333,image/webp,59126,Tanger 02-500x333.webp,2024-11-08T05:10:07.132Z,2024-11-08T05:10:07.132Z,0,,,,
672d9d2f1006691619ce1558,672686323a2df83c953b3ce8,,Tanger 025,tanger-025.webp,image/webp,178842,2500,1667,50,50,500,333,image/webp,55788,Tanger 025-500x333.webp,2024-11-08T05:10:07.503Z,2024-11-08T05:10:07.503Z,0,,,,
672d9d2f1006691619ce1556,672686323a2df83c953b3ce8,,Sonoma5 Lifestyle,sonoma5-lifestyle.webp,image/webp,620062,2560,1707,50,50,500,333,image/webp,95802,Sonoma5 lifestyle-500x333.webp,2024-11-08T05:10:07.476Z,2024-11-08T05:10:07.476Z,0,,,,
672d9d301006691619ce155c,672686323a2df83c953b3ce8,,Sonoma6 Lifestyle,sonoma6-lifestyle.webp,image/webp,683264,2560,3840,50,50,500,750,image/webp,132842,Sonoma6 lifestyle-500x750.webp,2024-11-08T05:10:08.274Z,2024-11-08T05:10:08.274Z,0,,,,
674779c6a2e06c13b7f454e2,674779b6a2e06c13b7f454c6,,Toronto,toronto.webp,image/webp,71266,446,499,50,50,500,559,image/webp,177994,toronto-500x559.webp,2024-11-27T19:57:58.497Z,2024-11-27T19:57:58.497Z,0,,,,
6748043852fdf2d604f9bbd5,,,Image Ystal Clear Water In The Cent 20241128t054839514z,image_ystal_clear_water__in_the_cent_20241128t054839514z.webp,image/webp,125066,1024,1024,50,50,500,500,image/webp,100540,image_ystal_clear_water__in_the_cent_20241128T054839514Z-500x500.webp,2024-11-28T05:48:40.667Z,2024-11-28T05:48:40.667Z,0,,,,
6761f58fb8b08b0e012a6efa,,,Dazzle Ph Plus 1kg,dazzle-ph-plus-1kg.webp,image/webp,23238,1200,798,50,50,500,333,image/webp,19816,Dazzle pH Plus 1kg-500x333.webp,2024-12-17T22:05:03.087Z,2024-12-17T22:05:03.087Z,0,,,,
6761fd51b8b08b0e012a7b4f,,,Dazzle Ph Plus 5kg,dazzle-ph-plus-5kg.webp,image/webp,27168,1200,845,50,50,500,352,image/webp,24144,Dazzle pH Plus 5kg-500x352.webp,2024-12-17T22:38:09.480Z,2024-12-17T22:38:09.480Z,0,,,,
677c5256c2170e7ab489acfb,,,Dazzle Ph Minus 1 25kg,dazzle-ph-minus-125kg.webp,image/webp,21834,1200,798,50,50,500,333,image/webp,18682,Dazzle pH Minus 1.25kg-500x333.webp,2025-01-06T21:59:50.922Z,2025-01-06T21:59:50.922Z,0,,,,
677c5265c2170e7ab489ad42,,,Dazzle Ph Minus 3 5kg,dazzle-ph-minus-35kg.webp,image/webp,22750,1200,798,50,50,500,333,image/webp,21196,Dazzle pH Minus 3.5kg-500x333.webp,2025-01-06T22:00:05.113Z,2025-01-06T22:00:05.113Z,0,,,,
677c52abc2170e7ab489ade3,,,Dazzle Ph Minus 6 75kg,dazzle-ph-minus-675kg.webp,image/webp,27142,1200,851,50,50,500,355,image/webp,24422,Dazzle pH Minus 6.75kg-500x355.webp,2025-01-06T22:01:15.449Z,2025-01-06T22:01:15.449Z,0,,,,
6788655cf872f6a97c8b5dd9,,,Ht Bundle,ht-bundle.webp,image/webp,8370,375,375,50,50,,,,,,2025-01-16T01:48:12.485Z,2025-01-16T01:48:12.485Z,0,,,,
67a1d428d63a0c7ba1d2a1fc,,,1 Month Bromine Mineraluxe System,1-month-bromine-mineraluxe-system.webp,image/webp,121762,2560,1703,50,50,500,333,image/webp,37156,1 Month Bromine Mineraluxe System-500x333.webp,2025-02-04T08:47:36.287Z,2025-02-04T08:47:36.287Z,0,,,https://drive.google.com/uc?export=download&id=1asw5_CR025ZsM4kt7M9Sl0_gbZIY-sQJ,bonavista/
67a1d42ad63a0c7ba1d2a1fe,,,1 Month Chlorine Mineraluxe System,1-month-chlorine-mineraluxe-system.webp,image/webp,115448,2560,1704,50,50,500,333,image/webp,36744,1 Month Chlorine Mineraluxe System-500x333.webp,2025-02-04T08:47:38.131Z,2025-02-04T08:47:38.131Z,0,,,https://www.bonavistaleisurescapes.com/Files/store/PicturesLg/DML00503%20One%20Month%20Chlorine.jpg,bonavista/
67a1d42dd63a0c7ba1d2a200,,,3 Month Bromine Mineraluxe System,3-month-bromine-mineraluxe-system.webp,image/webp,109084,2560,1703,50,50,500,333,image/webp,37770,3 Month Bromine Mineraluxe System-500x333.webp,2025-02-04T08:47:41.995Z,2025-02-04T08:47:41.995Z,0,,,https://drive.google.com/uc?export=download&id=1GlYT08Qw-qh8tqc8htG8lecijZdbb4Ll,bonavista/
67a1d42ed63a0c7ba1d2a202,,,3 In 1 Insta Test Strips 50,3-in-1-insta-test-strips-50.webp,image/webp,5104,300,303,50,50,,,,,,2025-02-04T08:47:42.433Z,2025-02-04T08:47:42.433Z,0,,,https://www.bonavistaleisurescapes.com/Files/store/PicturesLg/Screen-Shot-2021-02-12-at-12.07.15-PM-300x303.png,bonavista/
67a1d42ed63a0c7ba1d2a204,,,5 In 1 Insta Test Strips 50,5-in-1-insta-test-strips-50.webp,image/webp,9640,500,500,50,50,500,500,image/webp,25312,5-in-1 Insta Test Strips 50-500x500.webp,2025-02-04T08:47:42.762Z,2025-02-04T08:47:42.762Z,0,,,https://www.bonavistaleisurescapes.com/Files/store/PicturesLg/5in1-test-strips.jpg,bonavista/
67a1d42fd63a0c7ba1d2a206,,,50sqft Filter 5x13 516,50sqft-filter-5x13-516.webp,image/webp,1950,220,220,50,50,,,,,,2025-02-04T08:47:43.183Z,2025-02-04T08:47:43.183Z,0,,,https://www.acdcfeeds.com/secure_html/custom/ACDC/vendors/Pleatco/productsSm/PRB50-IN.JPG,bonavista/
67a1d42fd63a0c7ba1d2a208,,,75sqft Filter 5x20 18,75sqft-filter-5x20-18.webp,image/webp,1358,220,220,50,50,,,,,,2025-02-04T08:47:43.378Z,2025-02-04T08:47:43.378Z,0,,,https://www.acdcfeeds.com/secure_html/custom/ACDC/vendors/Pleatco/productsSm/PRB75.JPG,bonavista/
67a1d42fd63a0c7ba1d2a20a,,,Absorbent Floating Foam Stars,absorbent-floating-foam-stars.webp,image/webp,81822,1280,1280,50,50,500,500,image/webp,41698,Absorbent Floating Foam Stars-500x500.webp,2025-02-04T08:47:43.753Z,2025-02-04T08:47:43.753Z,0,,,https://www.bonavistaleisurescapes.com/Files/store/Pictures/Scum_removers_1__08282.1598663851.jpg,bonavista/
67a1d433d63a0c7ba1d2a20c,,,Acid Enhance 1 L,acid-enhance-1-l.webp,image/webp,60276,2560,1703,50,50,500,333,image/webp,17000,Acid Enhance 1 L-500x333.webp,2025-02-04T08:47:47.495Z,2025-02-04T08:47:47.495Z,0,,,https://drive.google.com/uc?export=download&id=1E512CviRvb-Z3qefRIM0B9MmKs_thTDo,bonavista/
67a1d433d63a0c7ba1d2a20e,,,Acid Enhance 3,acid-enhance-3.webp,image/webp,61410,2560,1719,50,50,500,336,image/webp,17306,Acid Enhance 3-500x336.webp,2025-02-04T08:47:47.665Z,2025-02-04T08:47:47.665Z,0,,,https://drive.google.com/uc?export=download&id=1xUrT6MdPwtaC_5NIMCtKdk9GMklng4nR,bonavista/
67a1d437d63a0c7ba1d2a210,,,Advance Sticks 12 Pk,advance-sticks-12-pk.webp,image/webp,64286,2560,1704,50,50,500,333,image/webp,20554,Advance Sticks 12 PK-500x333.webp,2025-02-04T08:47:51.241Z,2025-02-04T08:47:51.241Z,0,,,https://drive.google.com/uc?export=download&id=1L4TwIiwP4mPg-hEBwfpd3JSzXu1CEeUl,bonavista/
67a1d437d63a0c7ba1d2a212,,,Alea 32in,alea-32in.webp,image/webp,1182,220,220,50,50,,,,,,2025-02-04T08:47:51.452Z,2025-02-04T08:47:51.452Z,0,,,https://www.bonavistaleisurescapes.com/Files/store/Pictures/Alea%2032.jpg,bonavista/
67a1d437d63a0c7ba1d2a214,,,Alea 40in,alea-40in.webp,image/webp,1358,220,220,50,50,,,,,,2025-02-04T08:47:51.650Z,2025-02-04T08:47:51.650Z,0,,,https://www.bonavistaleisurescapes.com/Files/store/Pictures/Alea%2040.jpg,bonavista/
67a1d43bd63a0c7ba1d2a216,,,Algae Clear 60 1 L,algae-clear-60-1-l.webp,image/webp,85534,2560,1703,50,50,500,333,image/webp,20110,Algae Clear 60 1 L-500x333.webp,2025-02-04T08:47:55.573Z,2025-02-04T08:47:55.573Z,0,,,https://drive.google.com/uc?export=download&id=1woVr5EbFhaN3TLZMtw7EyFVhoBbLufxC,bonavista/
67a1d43fd63a0c7ba1d2a218,,,Algae Resist 50 1 L,algae-resist-50-1-l.webp,image/webp,91590,2560,1703,50,50,500,333,image/webp,21482,Algae Resist 50 1 L-500x333.webp,2025-02-04T08:47:59.283Z,2025-02-04T08:47:59.283Z,0,,,https://drive.google.com/uc?export=download&id=1dxa6TqKk0rwTfxL-gnnfmgKId_Gp8jWX,bonavista/
67a1d43fd63a0c7ba1d2a21a,,,Alkalinity Plus 750 Gm,alkalinity-plus-750-gm.webp,image/webp,47848,2560,1703,50,50,500,333,image/webp,11612,Alkalinity Plus 750 GM-500x333.webp,2025-02-04T08:47:59.682Z,2025-02-04T08:47:59.682Z,0,,,https://www.bonavistaleisurescapes.com/Files/store/PicturesLg/DAZ08030-Alkalinity-Plus-750-g-scaled.jpg,bonavista/
67a1d442d63a0c7ba1d2a21c,,,Alkalinity Plus 8 Kg,alkalinity-plus-8-kg.webp,image/webp,49764,2560,1703,50,50,500,333,image/webp,20370,Alkalinity Plus 8 kg-500x333.webp,2025-02-04T08:48:02.871Z,2025-02-04T08:48:02.871Z,0,,,https://drive.google.com/uc?export=download&id=1mDCRFqokw1uJk6ZxwSDaR6UfYaCip78T,bonavista/
67a1d443d63a0c7ba1d2a21e,,,Alkalinity Plus 4 Kg,alkalinity-plus-4-kg.webp,image/webp,63270,2560,1803,50,50,500,352,image/webp,19370,Alkalinity Plus 4 KG-500x352.webp,2025-02-04T08:48:03.007Z,2025-02-04T08:48:03.007Z,0,,,https://drive.google.com/uc?export=download&id=1V2XLUYNi3vaDUHjUTW5rfrjPisicQ3wS,bonavista/
67a1d443d63a0c7ba1d2a220,,,Aluminum Pool Brush 18 Inch,aluminum-pool-brush-18-inch.webp,image/webp,17256,1000,1000,50,50,500,500,image/webp,21300,Aluminum Pool Brush (18 inch)-500x500.webp,2025-02-04T08:48:03.304Z,2025-02-04T08:48:03.304Z,0,,,https://www.bonavistaleisurescapes.com/Files/store/Pictures/9774e243-3f19-4c82-94d5-62a7c6d1010a.3317179c25d08623fa67181987855c6a.jpg,bonavista/
67a1d443d63a0c7ba1d2a222,,,Amaze Plus 850 Gm,amaze-plus-850-gm.webp,image/webp,51432,2560,1703,50,50,500,333,image/webp,11920,Amaze Plus 850 GM-500x333.webp,2025-02-04T08:48:03.785Z,2025-02-04T08:48:03.785Z,0,,,https://www.bonavistaleisurescapes.com/Files/store/PicturesLg/DAZ08806%20Amaze%20Plus%20850%20g%20(1).jpg,bonavista/
67a1d444d63a0c7ba1d2a224,,,Amaze Plus 8 Kg,amaze-plus-8-kg.webp,image/webp,104040,2560,1703,50,50,500,333,image/webp,28310,Amaze Plus 8 KG-500x333.webp,2025-02-04T08:48:04.046Z,2025-02-04T08:48:04.046Z,0,,,https://www.bonavistaleisurescapes.com/Files/store/PicturesLg/DAZ02815-Pure-Wow-Amaze-Plus-8-kg-scaled.jpg,bonavista/
67a1d444d63a0c7ba1d2a226,,,Aqua Fitness Barbells,aqua-fitness-barbells.webp,image/webp,2954,220,220,50,50,,,,,,2025-02-04T08:48:04.216Z,2025-02-04T08:48:04.216Z,0,,,https://www.bonavistaleisurescapes.com/Files/store/Pictures/4735Leader%20Water%20Weights.jpg,bonavista/
67a1d444d63a0c7ba1d2a228,,,Aromatherapy Articul R Salts 385 Gm,aromatherapy-articul-r-salts-385-gm.webp,image/webp,18060,948,978,50,50,500,516,image/webp,24208,Aromatherapy Articul-R Salts 385 gm-500x516.webp,2025-02-04T08:48:04.546Z,2025-02-04T08:48:04.546Z,0,,,https://www.bonavistaleisurescapes.com/Files/store/PicturesLg/Articul-R-Epsom-salts-PharmaSpa-Original-spa-and-bath-Crystals.jpg,bonavista/
67a1d444d63a0c7ba1d2a22a,,,Aromatherapy Eucalyptus Salts 385 Gm,aromatherapy-eucalyptus-salts-385-gm.webp,image/webp,19444,948,978,50,50,500,516,image/webp,25420,Aromatherapy Eucalyptus Salts 385 gm-500x516.webp,2025-02-04T08:48:04.925Z,2025-02-04T08:48:04.925Z,0,,,https://www.bonavistaleisurescapes.com/Files/store/PicturesLg/Eucalyptus-Epsom-salts-PharmaSpa-Original-spa-and-bath-Crystals.jpg,bonavista/
67a1d445d63a0c7ba1d2a22c,,,Aromatherapy Lavandula Salts 385 Gm,aromatherapy-lavandula-salts-385-gm.webp,image/webp,19702,948,978,50,50,500,516,image/webp,24904,Aromatherapy Lavandula Salts 385 gm-500x516.webp,2025-02-04T08:48:05.233Z,2025-02-04T08:48:05.233Z,0,,,https://www.bonavistaleisurescapes.com/Files/store/PicturesLg/Lavandula-Epsom-salts-PharmaSpa-Original-spa-and-bath-Crystals.jpg,bonavista/
67a1d445d63a0c7ba1d2a22e,,,Aromatherapy Lemon Zest Hemp Salts 385 Gm,aromatherapy-lemon-zest-hemp-salts-385-gm.webp,image/webp,30084,841,868,50,50,500,516,image/webp,41374,Aromatherapy Lemon Zest Hemp Salts 385 gm-500x516.webp,2025-02-04T08:48:05.542Z,2025-02-04T08:48:05.542Z,0,,,https://www.bonavistaleisurescapes.com/Files/store/PicturesLg/Lemon-Zest-Salts.jpg,bonavista/
67a1d445d63a0c7ba1d2a230,,,Aromatherapy Phytomix Salts 385 Gm,aromatherapy-phytomix-salts-385-gm.webp,image/webp,24236,1280,1280,50,50,500,500,image/webp,24430,Aromatherapy Phytomix Salts 385 gm-500x500.webp,2025-02-04T08:48:05.864Z,2025-02-04T08:48:05.864Z,0,,,https://www.bonavistaleisurescapes.com/Files/store/PicturesLg/PhytomixCrystals__25724.jpg,bonavista/
67a1d446d63a0c7ba1d2a232,,,Aromatherapy Tiger Balm Salts 385 Gm,aromatherapy-tiger-balm-salts-385-gm.webp,image/webp,22298,948,978,50,50,500,516,image/webp,27746,Aromatherapy Tiger Balm Salts 385 gm-500x516.webp,2025-02-04T08:48:06.183Z,2025-02-04T08:48:06.183Z,0,,,https://www.bonavistaleisurescapes.com/Files/store/PicturesLg/Tiger-Balm-Epsom-salts-PharmaSpa-Original-spa-and-bath-Crystals.jpg,bonavista/
67a1d446d63a0c7ba1d2a234,,,Aromatherapy Ylang Jasmine Hemp Salts 385 Gm,aromatherapy-ylang--jasmine-hemp-salts-385-gm.webp,image/webp,41566,1200,1238,50,50,500,516,image/webp,40582,Aromatherapy Ylang- Jasmine Hemp Salts 385 gm-500x516.webp,2025-02-04T08:48:06.577Z,2025-02-04T08:48:06.577Z,0,,,https://www.bonavistaleisurescapes.com/Files/store/PicturesLg/Ylang-Jasmine-salts-1.jpg,bonavista/
67a1d446d63a0c7ba1d2a236,,,Avera 48in,avera-48in.webp,image/webp,850,220,220,50,50,,,,,,2025-02-04T08:48:06.774Z,2025-02-04T08:48:06.774Z,0,,,https://www.bonavistaleisurescapes.com/Files/store/Pictures/Dekko%20Avera%2048.jpg,bonavista/
67a1d446d63a0c7ba1d2a238,,,Avera 60in,avera-60in.webp,image/webp,886,220,220,50,50,,,,,,2025-02-04T08:48:06.957Z,2025-02-04T08:48:06.957Z,0,,,https://www.bonavistaleisurescapes.com/Files/store/Pictures/Dekko%20Avera%2060.jpg,bonavista/
67a1d447d63a0c7ba1d2a23a,,,Belmont,belmont.webp,image/webp,1264,220,220,50,50,,,,,,2025-02-04T08:48:07.157Z,2025-02-04T08:48:07.157Z,0,,,https://www.bonavistaleisurescapes.com/Files/store/Pictures/Dekko%20Belmont.jpg,bonavista/
67a1d447d63a0c7ba1d2a23c,,,Botanical Cleanse 750 Ml,botanical-cleanse-750-ml.webp,image/webp,39660,2560,1703,50,50,500,333,image/webp,11410,Botanical Cleanse 750 ML-500x333.webp,2025-02-04T08:48:07.621Z,2025-02-04T08:48:07.621Z,0,,,https://www.bonavistaleisurescapes.com/Files/store/PicturesLg/DAZ08050-Botanical-Cleanse-750-ml-scaled.jpg,bonavista/
67a1d447d63a0c7ba1d2a23e,,,Bravo,bravo.webp,image/webp,1002,220,220,50,50,,,,,,2025-02-04T08:48:07.916Z,2025-02-04T08:48:07.916Z,0,,,https://www.bonavistaleisurescapes.com/Files/store/Pictures/Dekko%20Bravo.jpg,bonavista/
67a1d448d63a0c7ba1d2a240,,,Bromine Granules 700 Gm,bromine-granules-700-gm.webp,image/webp,75016,2560,1703,50,50,500,333,image/webp,13972,Bromine Granules 700 GM-500x333.webp,2025-02-04T08:48:08.692Z,2025-02-04T08:48:08.692Z,0,,,https://www.bonavistaleisurescapes.com/Files/store/PicturesLg/DAZ08401%20Bromine%20Granules%20700%20g.jpg,bonavista/
67a1d44bd63a0c7ba1d2a242,,,Bromine Granules 2,bromine-granules-2.webp,image/webp,182212,2560,1703,50,50,500,333,image/webp,27864,Bromine Granules 2-500x333.webp,2025-02-04T08:48:11.789Z,2025-02-04T08:48:11.789Z,0,,,https://drive.google.com/uc?export=download&id=1e_4bpvwb3lfJrwIOh_6Yj9_5_m_xgp2o,bonavista/
67a1d44cd63a0c7ba1d2a244,,,Bromine Super Tablets 7 Kg,bromine-super-tablets-7-kg.webp,image/webp,26450,1074,962,50,50,500,448,image/webp,38460,Bromine Super Tablets 7 KG-500x448.webp,2025-02-04T08:48:12.242Z,2025-02-04T08:48:12.242Z,0,,,https://www.bonavistaleisurescapes.com/Files/store/PicturesLg/super%20bro%20tabs.png,bonavista/
67a1d44cd63a0c7ba1d2a246,,,Bromine Tablets 800 Gm,bromine-tablets-800-gm.webp,image/webp,93194,2560,1703,50,50,500,333,image/webp,20074,Bromine Tablets 800 GM-500x333.webp,2025-02-04T08:48:12.668Z,2025-02-04T08:48:12.668Z,0,,,https://www.bonavistaleisurescapes.com/Files/store/PicturesLg/DAZ08502-Bromine-Tablets-2-kg-scaled.jpg,bonavista/
67a1d44cd63a0c7ba1d2a248,,,Bromine Tablets 2 Kg,bromine-tablets-2-kg.webp,image/webp,93194,2560,1703,50,50,500,333,image/webp,20074,Bromine Tablets 2 KG-500x333.webp,2025-02-04T08:48:12.852Z,2025-02-04T08:48:12.852Z,0,,,https://www.bonavistaleisurescapes.com/Files/store/PicturesLg/DAZ08502-Bromine-Tablets-2-kg-scaled.jpg,bonavista/
67a1d450d63a0c7ba1d2a24a,,,Bromine Tablets 18 Kg,bromine-tablets-18-kg.webp,image/webp,169906,2560,2978,50,50,500,582,image/webp,43148,Bromine Tablets 18 KG-500x582.webp,2025-02-04T08:48:16.919Z,2025-02-04T08:48:16.919Z,0,,,https://drive.google.com/uc?export=download&id=1R66vM8LhYg1D6TkpYx_njd94XLE72hlN,bonavista/
67a1d453d63a0c7ba1d2a24c,,,Bromine Tablets 8 Kg,bromine-tablets-8-kg.webp,image/webp,169906,2560,2978,50,50,500,582,image/webp,43148,Bromine Tablets 8 KG-500x582.webp,2025-02-04T08:48:19.134Z,2025-02-04T08:48:19.134Z,0,,,https://drive.google.com/uc?export=download&id=1R66vM8LhYg1D6TkpYx_njd94XLE72hlN,bonavista/
67a1d453d63a0c7ba1d2a24e,,,Calcium Plus 550 Gm,calcium-plus-550-gm.webp,image/webp,47896,2560,1703,50,50,500,333,image/webp,11814,Calcium Plus 550 GM-500x333.webp,2025-02-04T08:48:19.540Z,2025-02-04T08:48:19.540Z,0,,,https://www.bonavistaleisurescapes.com/Files/store/PicturesLg/DAZ08039-Calcium-Plus-550-g-scaled.jpg,bonavista/
67a1d456d63a0c7ba1d2a250,,,Calcium Plus 4 Kg,calcium-plus-4-kg.webp,image/webp,57320,2560,1845,50,50,500,360,image/webp,20000,Calcium Plus 4 KG-500x360.webp,2025-02-04T08:48:22.534Z,2025-02-04T08:48:22.534Z,0,,,https://drive.google.com/uc?export=download&id=1IObgp4kaA-0hZYnC9jp7A0GFxxxsPMJD,bonavista/
67a1d457d63a0c7ba1d2a252,,,Calcium Plus 7 Kg,calcium-plus-7-kg.webp,image/webp,63594,2560,1703,50,50,500,333,image/webp,21394,Calcium Plus 7 kg-500x333.webp,2025-02-04T08:48:23.082Z,2025-02-04T08:48:23.082Z,0,,,https://drive.google.com/uc?export=download&id=1giY0njy6aDIfUkfR39KV1BVORtEfkD_m,bonavista/
67a1d457d63a0c7ba1d2a254,,,Chlorine And Bromine Neutralizer 1 Kg,chlorine-and-bromine-neutralizer-1-kg.webp,image/webp,84248,2560,1704,50,50,500,333,image/webp,21210,Chlorine and Bromine Neutralizer 1 KG-500x333.webp,2025-02-04T08:48:23.525Z,2025-02-04T08:48:23.525Z,0,,,https://www.bonavistaleisurescapes.com/Files/store/PicturesLg/DAZ01530-Chlorine-and-Bromine-Neutralizer-1kg-scaled.jpg,bonavista/
67a1d45bd63a0c7ba1d2a256,,,Clarifying Tabs 6x60 Gm,clarifying-tabs-6x60-gm.webp,image/webp,92134,2560,1703,50,50,500,333,image/webp,26870,Clarifying Tabs 6x60 GM-500x333.webp,2025-02-04T08:48:27.653Z,2025-02-04T08:48:27.653Z,0,,,https://drive.google.com/uc?export=download&id=1LyR9fEKeaqtwM7fd4iabB2djBS_ONSIy,bonavista/
67a1d45fd63a0c7ba1d2a258,,,Cleanse Drain 750 Ml,cleanse-drain-750-ml.webp,image/webp,36140,2560,1703,50,50,500,333,image/webp,11858,cleanse-drain-750-ml-500x333.webp,2025-02-04T08:48:31.428Z,2025-02-08T19:16:12.846Z,0,/api/media/file/Cleanse & Drain 750 ML-500x333.webp,/api/media/file/Cleanse%20%26%20Drain%20750%20ML-500x333.webp,/api/media/file/cleanse--drain-750-ml.webp,bonavista/
67a1d463d63a0c7ba1d2a25a,,,Clear Rebound 2 L,clear-rebound-2-l.webp,image/webp,77074,2560,1703,50,50,500,333,image/webp,20740,Clear Rebound 2 L-500x333.webp,2025-02-04T08:48:35.007Z,2025-02-04T08:48:35.007Z,0,,,https://drive.google.com/uc?export=download&id=1km_HNRQhtdRcAO6_FDx35awXjoCLEeI2,bonavista/
67a1d463d63a0c7ba1d2a25c,,,Concrete Vacuum Head,concrete-vacuum-head.webp,image/webp,21892,1000,771,50,50,500,386,image/webp,29086,Concrete Vacuum Head-500x386.webp,2025-02-04T08:48:35.455Z,2025-02-04T08:48:35.455Z,0,,,https://www.bonavistaleisurescapes.com/Files/store/Pictures/R201112-img1_2.jpg,bonavista/
67a1d464d63a0c7ba1d2a25e,,,Cover Cleanse Protect 750,cover-cleanse-protect-750.webp,image/webp,64646,2560,1703,50,50,500,333,image/webp,16198,cover-cleanse-protect-750-500x333.webp,2025-02-04T08:48:36.088Z,2025-02-08T19:16:58.749Z,0,/api/media/file/Cover Cleanse & Protect 750-500x333.webp,/api/media/file/Cover%20Cleanse%20%26%20Protect%20750-500x333.webp,/api/media/file/cover-cleanse--protect-750.webp,bonavista/
67a1d467d63a0c7ba1d2a260,,,Cover Free 32 Oz,cover-free-32-oz.webp,image/webp,52394,2560,1703,50,50,500,333,image/webp,17258,Cover Free 32 OZ-500x333.webp,2025-02-04T08:48:39.637Z,2025-02-04T08:48:39.637Z,0,,,https://drive.google.com/uc?export=download&id=1qk1sHz0muRx2OA50mgcOT41l5IqhSlAT,bonavista/
67a1d46bd63a0c7ba1d2a262,,,Dazzle Mega Tabs 5,dazzle-mega-tabs-5.webp,image/webp,100346,2560,1703,50,50,500,333,image/webp,26998,Dazzle Mega Tabs 5-500x333.webp,2025-02-04T08:48:43.431Z,2025-02-04T08:48:43.431Z,0,,,https://drive.google.com/uc?export=download&id=1NGoGeqesmx_0yZlgbj4E24E6OdYy_eUq,bonavista/
67a1d46cd63a0c7ba1d2a264,,,Dazzle Mini Tabs 2 Kg,dazzle-mini-tabs-2-kg.webp,image/webp,100676,2560,1703,50,50,500,333,image/webp,21998,Dazzle Mini Tabs 2 KG-500x333.webp,2025-02-04T08:48:44.008Z,2025-02-04T08:48:44.008Z,0,,,https://www.bonavistaleisurescapes.com/Files/store/PicturesLg/DAZ01101%20Mini%20Tabs%202%20kg.JPG,bonavista/
67a1d46cd63a0c7ba1d2a266,,,Defoamer 750 Ml,defoamer-750-ml.webp,image/webp,60606,2560,1703,50,50,500,333,image/webp,15786,Defoamer 750 ML-500x333.webp,2025-02-04T08:48:44.487Z,2025-02-04T08:48:44.487Z,0,,,https://www.bonavistaleisurescapes.com/Files/store/PicturesLg/Dazzle-Defoamer.jpg,bonavista/
67a1d46cd63a0c7ba1d2a268,,,Divers Thermometer Polar Bear,divers-thermometer-polar-bear.webp,image/webp,21330,800,800,50,50,500,500,image/webp,30720,Divers Thermometer (Polar Bear)-500x500.webp,2025-02-04T08:48:44.806Z,2025-02-04T08:48:44.806Z,0,,,https://www.bonavistaleisurescapes.com/Files/store/Pictures/tm07_f_c_bear_kok_pic_180726.png,bonavista/
67a1d46dd63a0c7ba1d2a26a,,,Drain Prep 750 Ml,drain-prep-750-ml.webp,image/webp,38312,2560,1703,50,50,500,333,image/webp,11608,Drain Prep 750 ML-500x333.webp,2025-02-04T08:48:45.184Z,2025-02-04T08:48:45.184Z,0,,,https://www.bonavistaleisurescapes.com/Files/store/PicturesLg/DAZ08053-Drain-Prep-750-ml-scaled.jpg,bonavista/
67a1d46dd63a0c7ba1d2a26c,,,Dream Scents Ylang Ylang And Patchouli 8 Oz,dream-scents-ylang-ylang-and-patchouli-8-oz.webp,image/webp,26542,729,733,50,50,500,503,image/webp,77778,Dream Scents Ylang Ylang and Patchouli 8 oz-500x503.webp,2025-02-04T08:48:45.684Z,2025-02-04T08:48:45.684Z,0,,,https://www.bonavistaleisurescapes.com/Files/store/PicturesLg/Ylang-Ylang-Dream-Scents.png,bonavista/
67a1d46dd63a0c7ba1d2a26e,,,Dual Core 50sqft Filter 5x13 516,dual-core-50sqft-filter-5x13-516.webp,image/webp,7122,300,300,50,50,,,,,,2025-02-04T08:48:45.919Z,2025-02-04T08:48:45.919Z,0,,,https://www.bonavistaleisurescapes.com/Files/store/Pictures/4520029-300x300.jpg,bonavista/
67a1d46ed63a0c7ba1d2a270,,,Element,element.webp,image/webp,994,220,220,50,50,,,,,,2025-02-04T08:48:46.101Z,2025-02-04T08:48:46.101Z,0,,,https://www.bonavistaleisurescapes.com/Files/store/Pictures/Dekko%20Element.jpg,bonavista/
67a1d46ed63a0c7ba1d2a272,,,Energy 800 Gm,energy-800-gm.webp,image/webp,87806,2560,1703,50,50,500,333,image/webp,18174,Energy 800 GM-500x333.webp,2025-02-04T08:48:46.582Z,2025-02-04T08:48:46.582Z,0,,,https://www.bonavistaleisurescapes.com/Files/store/PicturesLg/DAZ02613%20Energy%20800%20g.JPG,bonavista/
67a1d46ed63a0c7ba1d2a274,,,Ergo Kick Board,ergo-kick-board.webp,image/webp,2462,220,220,50,50,,,,,,2025-02-04T08:48:46.759Z,2025-02-04T08:48:46.759Z,0,,,https://www.bonavistaleisurescapes.com/Files/store/Pictures/4304Leader%20Ergo%20Board.jpg,bonavista/
67a1d46fd63a0c7ba1d2a276,,,Extendable Spa Skimmer,extendable-spa-skimmer.webp,image/webp,17116,510,529,50,50,500,519,image/webp,68552,Extendable Spa Skimmer-500x519.webp,2025-02-04T08:48:47.186Z,2025-02-04T08:48:47.186Z,0,,,https://www.bonavistaleisurescapes.com/Files/store/Pictures/PA%20Skim%20Extend.png,bonavista/
67a1d473d63a0c7ba1d2a278,,,Filter Enhance 600 Gm,filter-enhance-600-gm.webp,image/webp,81562,2560,1703,50,50,500,333,image/webp,21890,Filter Enhance 600 GM-500x333.webp,2025-02-04T08:48:51.194Z,2025-02-04T08:48:51.194Z,0,,,https://drive.google.com/uc?export=download&id=1BYIa2EBx2K1V642FcH53GjmlGjB4NK2a,bonavista/
67a1d473d63a0c7ba1d2a27a,,,Fix A Leak,fix-a-leak.webp,image/webp,31936,900,900,50,50,500,500,image/webp,33394,Fix A Leak-500x500.webp,2025-02-04T08:48:51.621Z,2025-02-04T08:48:51.621Z,0,,,https://www.bonavistaleisurescapes.com/Files/store/Pictures/Fix-a-Leak.jpg,bonavista/
67a1d473d63a0c7ba1d2a27c,,,Flexible Concrete Vacuum,flexible-concrete-vacuum.webp,image/webp,10706,466,352,50,50,,,,,,2025-02-04T08:48:51.884Z,2025-02-04T08:48:51.884Z,0,,,https://www.bonavistaleisurescapes.com/Files/store/Pictures/Kokido-Flexible-Pool-Vacuum-Head.png,bonavista/
67a1d474d63a0c7ba1d2a27e,,,Floating Hammock Red,floating-hammock-red.webp,image/webp,304634,1533,1284,50,50,500,419,image/webp,136674,Floating Hammock (Red)-500x419.webp,2025-02-04T08:48:52.867Z,2025-02-04T08:48:52.867Z,0,,,https://www.bonavistaleisurescapes.com/Files/store/Pictures/Pool%20Bean%20Bag%20Hammock.png,bonavista/
67a1d475d63a0c7ba1d2a280,,,Floating Oasis Mattress Dark Blue,floating-oasis-mattress-dark-blue.webp,image/webp,133388,900,900,50,50,500,500,image/webp,153120,Floating Oasis Mattress (Dark Blue)-500x500.webp,2025-02-04T08:48:53.359Z,2025-02-04T08:48:53.359Z,0,,,https://www.bonavistaleisurescapes.com/Files/store/Pictures/pool_bean_bag_3.jpg,bonavista/
67a1d475d63a0c7ba1d2a282,,,Floating Oasis Mattress Orange,floating-oasis-mattress-orange.webp,image/webp,12498,220,220,50,50,,,,,,2025-02-04T08:48:53.577Z,2025-02-04T08:48:53.577Z,0,,,https://www.bonavistaleisurescapes.com/Files/store/Pictures/Orange%20PBB.jpg,bonavista/
67a1d475d63a0c7ba1d2a284,,,Floating Oasis Mattress Striped Grey,floating-oasis-mattress-striped-grey.webp,image/webp,9786,220,220,50,50,,,,,,2025-02-04T08:48:53.781Z,2025-02-04T08:48:53.781Z,0,,,https://www.bonavistaleisurescapes.com/Files/store/Pictures/Grey%20PBB.jpg,bonavista/
67a1d476d63a0c7ba1d2a286,,,Floating Sanitizer Dispenser,floating-sanitizer-dispenser.webp,image/webp,35220,2000,2000,50,50,500,500,image/webp,16762,Floating Sanitizer Dispenser-500x500.webp,2025-02-04T08:48:54.183Z,2025-02-04T08:48:54.183Z,0,,,https://www.bonavistaleisurescapes.com/Files/store/Pictures/e7314ffa-faa4-49b4-bb25-a8a1f43e67db_1.bcd6cd69d377eb93d979cbdb1cd93b63.jpg,bonavista/
67a1d476d63a0c7ba1d2a288,,,Floating Sofa Dark Blue,floating-sofa-dark-blue.webp,image/webp,64330,800,754,50,50,500,471,image/webp,101208,Floating Sofa (Dark Blue)-500x471.webp,2025-02-04T08:48:54.632Z,2025-02-04T08:48:54.632Z,0,,,https://www.bonavistaleisurescapes.com/Files/store/Pictures/Pool%20Bean%20Bag%20Sofa1.png,bonavista/
67a1d476d63a0c7ba1d2a28a,,,Floating Watermelon,floating-watermelon.webp,image/webp,7768,220,220,50,50,,,,,,2025-02-04T08:48:54.830Z,2025-02-04T08:48:54.830Z,0,,,https://www.bonavistaleisurescapes.com/Files/store/Pictures/Watermelon%20PBB.jpg,bonavista/
67a1d477d63a0c7ba1d2a28c,,,Heavy Duty Leaf Skimmer,heavy-duty-leaf-skimmer.webp,image/webp,4208,300,241,50,50,,,,,,2025-02-04T08:48:55.018Z,2025-02-04T08:48:55.018Z,0,,,https://www.bonavistaleisurescapes.com/Files/store/Pictures/51CgkI0P9rL._AC_SX425_-300x241.jpg,bonavista/
67a1d47ad63a0c7ba1d2a28e,,,Hot Tub Cube 13 Pk,hot-tub-cube-13-pk.webp,image/webp,64086,2560,1704,50,50,500,333,image/webp,20992,Hot Tub Cube 13 PK-500x333.webp,2025-02-04T08:48:58.152Z,2025-02-04T08:48:58.152Z,0,,,https://drive.google.com/uc?export=download&id=1J-QuWLjoJo9QJeW6T1khfBePn6Os6d6X,bonavista/
67a1d47bd63a0c7ba1d2a290,,,Jacks Magic Super Pacs 3,jacks-magic-super-pacs-3.webp,image/webp,123308,1742,1703,50,50,500,489,image/webp,65026,Jacks Magic Super Pacs 3-500x489.webp,2025-02-04T08:48:59.003Z,2025-02-04T08:48:59.003Z,0,,,https://www.bonavistaleisurescapes.com/Files/store/PicturesLg/Jack's%20Magic.png,bonavista/
67a1d47bd63a0c7ba1d2a292,,,Jumbo Thermometer,jumbo-thermometer.webp,image/webp,15180,996,984,50,50,500,494,image/webp,19074,Jumbo Thermometer-500x494.webp,2025-02-04T08:48:59.331Z,2025-02-04T08:48:59.331Z,0,,,https://www.bonavistaleisurescapes.com/Files/store/Pictures/kokido-jumbo-thermometer.jpg,bonavista/
67a1d47bd63a0c7ba1d2a294,,,Kokido Electric Cleaning Wand,kokido-electric-cleaning-wand.webp,image/webp,3570,749,698,50,50,500,466,image/webp,5520,Kokido Electric Cleaning Wand-500x466.webp,2025-02-04T08:48:59.628Z,2025-02-04T08:48:59.628Z,0,,,https://www.bonavistaleisurescapes.com/Files/store/Pictures/Screen-Shot-2021-02-12-at-12.02.52-PM.png,bonavista/
67a1d47bd63a0c7ba1d2a296,,,Leaf Skimmer,leaf-skimmer.webp,image/webp,3196,225,225,50,50,,,,,,2025-02-04T08:48:59.850Z,2025-02-04T08:48:59.850Z,0,,,https://www.bonavistaleisurescapes.com/Files/store/Pictures/Unknown-1.jpg,bonavista/
67a1d47cd63a0c7ba1d2a298,,,Metal Cleanse 1 L,metal-cleanse-1-l.webp,image/webp,81570,2560,1703,50,50,500,333,image/webp,20180,Metal Cleanse 1 L-500x333.webp,2025-02-04T08:49:00.593Z,2025-02-04T08:49:00.593Z,0,,,https://www.bonavistaleisurescapes.com/Files/store/PicturesLg/DAZ05040-Metal-Cleanse-1L-scaled.jpg,bonavista/
67a1d47dd63a0c7ba1d2a29a,,,Mini Chlorinating Tablets 2,mini-chlorinating-tablets-2.webp,image/webp,83922,2560,1703,50,50,500,333,image/webp,18278,Mini Chlorinating Tablets 2-500x333.webp,2025-02-04T08:49:01.238Z,2025-02-04T08:49:01.238Z,0,,,https://www.bonavistaleisurescapes.com/Files/store/PicturesLg/DAZ08202%20Mini%20Chlorine%20Tablets%202.5%20kg.jpg,bonavista/
67a1d480d63a0c7ba1d2a29c,,,Mini Chlorinating Tablets 800 Gm,mini-chlorinating-tablets-800-gm.webp,image/webp,82584,2560,1704,50,50,500,333,image/webp,20322,Mini Chlorinating Tablets 800 GM-500x333.webp,2025-02-04T08:49:04.303Z,2025-02-04T08:49:04.303Z,0,,,https://drive.google.com/uc?export=download&id=1ZqNNc_yi3Soe9vlk-ZuU2jCTt2cExH9G,bonavista/
67a1d484d63a0c7ba1d2a29e,,,Mini Chlorinating Tablets 1 Month System,mini-chlorinating-tablets-1-month-system.webp,image/webp,115448,2560,1704,50,50,500,333,image/webp,36744,Mini Chlorinating Tablets 1 Month System-500x333.webp,2025-02-04T08:49:08.118Z,2025-02-04T08:49:08.118Z,0,,,https://drive.google.com/uc?export=download&id=1jGGdKgvTaOoHTFpRJ47UR-2-9OVn2thO,bonavista/
67a1d487d63a0c7ba1d2a2a0,,,Mini Chlorinating Tablets 3 Month System,mini-chlorinating-tablets-3-month-system.webp,image/webp,113620,2560,1703,50,50,500,333,image/webp,38086,Mini Chlorinating Tablets 3 Month System-500x333.webp,2025-02-04T08:49:11.885Z,2025-02-04T08:49:11.885Z,0,,,https://drive.google.com/uc?export=download&id=1EvP7QzjQ1lln6LCi4xTc40UTDbdJ6ddD,bonavista/
67a1d488d63a0c7ba1d2a2a2,,,Muriatic Acid 4 L,muriatic-acid-4-l.webp,image/webp,16072,750,750,50,50,500,500,image/webp,30060,Muriatic Acid 4 L-500x500.webp,2025-02-04T08:49:12.234Z,2025-02-04T08:49:12.234Z,0,,,https://www.bonavistaleisurescapes.com/Files/store/PicturesLg/muriatic-acid-4l-shop.jpg,bonavista/
67a1d488d63a0c7ba1d2a2a4,,,Nature Sheen 750 Ml,nature-sheen-750-ml.webp,image/webp,39458,2560,1703,50,50,500,333,image/webp,11022,Nature Sheen 750 ML-500x333.webp,2025-02-04T08:49:12.691Z,2025-02-04T08:49:12.691Z,0,,,https://www.bonavistaleisurescapes.com/Files/store/PicturesLg/DAZ08040-Nature-Sheen750-ml-scaled.jpg,bonavista/
67a1d48cd63a0c7ba1d2a2a6,,,Nature Sheen 1 L,nature-sheen-1-l.webp,image/webp,55800,2560,1703,50,50,500,333,image/webp,17218,Nature Sheen 1 L-500x333.webp,2025-02-04T08:49:16.172Z,2025-02-04T08:49:16.172Z,0,,,https://drive.google.com/uc?export=download&id=1rW9RBzXv9WaRM7S_-1As71nF_FuPVEmo,bonavista/
67a1d48cd63a0c7ba1d2a2a8,,,Performance Plus 625 Gm,performance-plus-625-gm.webp,image/webp,34442,2560,1703,50,50,500,333,image/webp,10826,Performance Plus 625 GM-500x333.webp,2025-02-04T08:49:16.634Z,2025-02-04T08:49:16.634Z,0,,,https://www.bonavistaleisurescapes.com/Files/store/PicturesLg/DAZ08010-Performance-Plus-625g-1-scaled.jpg,bonavista/
67a1d48dd63a0c7ba1d2a2aa,,,Ph Minus 950 Gm,ph-minus-950-gm.webp,image/webp,46824,2560,1703,50,50,500,333,image/webp,11276,pH Minus 950 GM-500x333.webp,2025-02-04T08:49:17.022Z,2025-02-04T08:49:17.022Z,0,,,https://www.bonavistaleisurescapes.com/Files/store/PicturesLg/DAZ08036-pH-Minus-950-g-scaled.jpg,bonavista/
67a1d490d63a0c7ba1d2a2ac,,,Ph Minus 6,ph-minus-6.webp,image/webp,64194,2560,1816,50,50,500,355,image/webp,20174,pH Minus 6-500x355.webp,2025-02-04T08:49:20.104Z,2025-02-04T08:49:20.104Z,0,,,https://drive.google.com/uc?export=download&id=1DHZyuJhco2i9sYCUK9a8UVZDcgXoE6dV,bonavista/
67a1d490d63a0c7ba1d2a2ae,,,Ph Minus 1,ph-minus-1.webp,image/webp,52886,2560,1703,50,50,500,333,image/webp,15534,pH Minus 1-500x333.webp,2025-02-04T08:49:20.596Z,2025-02-04T08:49:20.596Z,0,,,https://drive.google.com/uc?export=download&id=1iVKqQoWKhO5VPMd6cTE9JHuxvAeVPz6I,bonavista/
67a1d490d63a0c7ba1d2a2b0,,,Ph Plus 700 Gm,ph-plus-700-gm.webp,image/webp,37598,2560,1703,50,50,500,333,image/webp,10972,pH Plus 700 GM-500x333.webp,2025-02-04T08:49:20.963Z,2025-02-04T08:49:20.963Z,0,,,https://www.bonavistaleisurescapes.com/Files/store/PicturesLg/DAZ08033-pH-Plus-700-g-scaled.jpg,bonavista/
67a1d494d63a0c7ba1d2a2b2,,,Ph Plus 1 Kg,ph-plus-1-kg.webp,image/webp,55614,2560,1703,50,50,500,333,image/webp,16120,pH Plus 1 KG-500x333.webp,2025-02-04T08:49:24.045Z,2025-02-04T08:49:24.045Z,0,,,https://drive.google.com/uc?export=download&id=1hYdb7pIaJGnBMjo12cv90vnVKQqzggvr,bonavista/
67a1d494d63a0c7ba1d2a2b4,,,Ph Plus 5 Kg,ph-plus-5-kg.webp,image/webp,67134,2560,1802,50,50,500,352,image/webp,19706,pH Plus 5 KG-500x352.webp,2025-02-04T08:49:24.348Z,2025-02-04T08:49:24.348Z,0,,,https://drive.google.com/uc?export=download&id=19ECU7N73oy6JhhauSyHW8XM4weFI2wxQ,bonavista/
67a1d494d63a0c7ba1d2a2b6,,,Phos Cleanse 750 Ml,phos-cleanse-750-ml.webp,image/webp,47092,2560,1703,50,50,500,333,image/webp,11736,Phos Cleanse 750 ML-500x333.webp,2025-02-04T08:49:24.758Z,2025-02-04T08:49:24.758Z,0,,,https://www.bonavistaleisurescapes.com/Files/store/PicturesLg/DAZ08065-Phos-Cleanse-750-ml-scaled.jpg,bonavista/
67a1d498d63a0c7ba1d2a2b8,,,Phos Cleanse Plus 1 L,phos-cleanse-plus-1-l.webp,image/webp,87422,2560,1703,50,50,500,333,image/webp,20320,Phos Cleanse Plus 1 L-500x333.webp,2025-02-04T08:49:28.461Z,2025-02-04T08:49:28.461Z,0,,,https://drive.google.com/uc?export=download&id=12oCmmUtB_aKLUHDrlCx6f9yQurv6b_-k,bonavista/
67a1d498d63a0c7ba1d2a2ba,,,Polaris Spa Wand Blue,polaris-spa-wand---blue.webp,image/webp,660,220,220,50,50,,,,,,2025-02-04T08:49:28.648Z,2025-02-04T08:49:28.648Z,0,,,https://www.acdcfeeds.com/secure_html/custom/ACDC/vendors/Zodiac/productsSm/5-100-00.png,bonavista/
67a1d499d63a0c7ba1d2a2bc,,,Pool Water Bag 10 Feet,pool-water-bag-10-feet.webp,image/webp,31358,1080,1080,50,50,500,500,image/webp,47626,Pool Water Bag (10 feet)-500x500.webp,2025-02-04T08:49:29.215Z,2025-02-04T08:49:29.215Z,0,,,https://www.bonavistaleisurescapes.com/Files/store/Pictures/15.png,bonavista/
67a1d499d63a0c7ba1d2a2be,,,Pre Filter Skimmer Socks,pre-filter-skimmer-socks.webp,image/webp,74312,800,800,50,50,500,500,image/webp,91718,Pre-Filter Skimmer Socks-500x500.webp,2025-02-04T08:49:29.559Z,2025-02-04T08:49:29.559Z,0,,,https://www.bonavistaleisurescapes.com/Files/store/Pictures/SKIM-SOCK-USE.png,bonavista/
67a1d499d63a0c7ba1d2a2c0,,,Premium Antifreeze 4 L,premium-antifreeze-4-l.webp,image/webp,10304,591,591,50,50,500,500,image/webp,23986,Premium Antifreeze 4 L-500x500.webp,2025-02-04T08:49:29.909Z,2025-02-04T08:49:29.909Z,0,,,https://www.bonavistaleisurescapes.com/Files/store/PicturesLg/Antifreeze.png,bonavista/
67a1d49cd63a0c7ba1d2a2c2,,,Premium Salt 18,premium-salt-18.webp,image/webp,58022,1500,1789,50,50,500,596,image/webp,56496,Premium Salt 18-500x596.webp,2025-02-04T08:49:32.420Z,2025-02-04T08:49:32.420Z,0,,,https://drive.google.com/uc?export=download&id=1B5ARq3BamaZI2JG_tyozERm0tDrIEbqu,bonavista/
67a1d4a0d63a0c7ba1d2a2c4,,,Premium Unstabilized Chlorine 8 Kg,premium-unstabilized-chlorine-8-kg.webp,image/webp,139468,2560,1704,50,50,500,333,image/webp,32986,Premium Unstabilized Chlorine 8 KG-500x333.webp,2025-02-04T08:49:36.812Z,2025-02-04T08:49:36.812Z,0,,,https://drive.google.com/uc?export=download&id=1T-UZLNHp1jJSvpYep4zq-uknhqUsL2yl,bonavista/
67a1d4a4d63a0c7ba1d2a2c6,,,Prep Cleanse 1 L,prep-cleanse-1-l.webp,image/webp,85646,2560,1703,50,50,500,333,image/webp,20158,Prep Cleanse 1 L-500x333.webp,2025-02-04T08:49:40.364Z,2025-02-04T08:49:40.364Z,0,,,https://drive.google.com/uc?export=download&id=1O8_7pWZ7SeUK9YhurMGag6cnWRCAbDnb,bonavista/
67a1d4a8d63a0c7ba1d2a2c8,,,Primer 1 Kg,primer-1-kg.webp,image/webp,61546,2560,1703,50,50,500,333,image/webp,16258,Primer 1 KG-500x333.webp,2025-02-04T08:49:44.350Z,2025-02-04T08:49:44.350Z,0,,,https://drive.google.com/uc?export=download&id=1DJ7zDWVD5ofYDvEKqQX4mPOCYeWRmbNL,bonavista/
67a1d4abd63a0c7ba1d2a2ca,,,Pristiva Premium Shock 950 Gm,pristiva-premium-shock-950-gm.webp,image/webp,60288,2560,1703,50,50,500,333,image/webp,16152,Pristiva Premium Shock 950 GM-500x333.webp,2025-02-04T08:49:47.680Z,2025-02-04T08:49:47.680Z,0,,,https://drive.google.com/uc?export=download&id=1EBxFrfqMTm0gMvOkirZ1OGTMHqD5goCM,bonavista/
67a1d4acd63a0c7ba1d2a2cc,,,Pro Balance Uv 2 Kg,pro-balance-uv-2-kg.webp,image/webp,105294,2560,1703,50,50,500,333,image/webp,23560,Pro Balance UV 2 KG-500x333.webp,2025-02-04T08:49:48.252Z,2025-02-04T08:49:48.252Z,0,,,https://www.bonavistaleisurescapes.com/Files/store/PicturesLg/DAZ04042%20Stabilizer%202%20kg.JPG,bonavista/
67a1d4acd63a0c7ba1d2a2ce,,,Pull Buoy,pull-buoy.webp,image/webp,30464,1000,1000,50,50,500,500,image/webp,47310,Pull Buoy-500x500.webp,2025-02-04T08:49:48.599Z,2025-02-04T08:49:48.599Z,0,,,https://www.bonavistaleisurescapes.com/Files/store/Pictures/SA2151B-BY-leader-pull-buoy-1.jpg,bonavista/
67a1d4b0d63a0c7ba1d2a2d0,,,Pure Wow Amaze Plus 12 Pack Box,pure-wow-amaze-plus-12-pack-box.webp,image/webp,121206,2560,1703,50,50,500,333,image/webp,33886,Pure Wow Amaze Plus 12 Pack Box-500x333.webp,2025-02-04T08:49:52.008Z,2025-02-04T08:49:52.008Z,0,,,https://drive.google.com/uc?export=download&id=1GiGtw6fZt_pauBld5bYX5-oU5iYeRe-z,bonavista/
67a1d4b0d63a0c7ba1d2a2d2,,,Pure Wow Amaze Plus 350 Gm Bag,pure-wow-amaze-plus-350-gm-bag.webp,image/webp,48494,2560,1703,50,50,500,333,image/webp,16868,Pure Wow Amaze Plus 350 GM Bag-500x333.webp,2025-02-04T08:49:52.592Z,2025-02-04T08:49:52.592Z,0,,,https://drive.google.com/uc?export=download&id=1fnyeTTrt4mk19HC4KXEq3dWAdGWV9ORC,bonavista/
67a1d4b4d63a0c7ba1d2a2d4,,,Pure Wow Assure 2l,pure-wow-assure-2l.webp,image/webp,53768,2560,1703,50,50,500,333,image/webp,16744,Pure Wow Assure 2L-500x333.webp,2025-02-04T08:49:56.488Z,2025-02-04T08:49:56.488Z,0,,,https://drive.google.com/uc?export=download&id=1klDF6ubSsB_lSboLsR1LspYQnrK2npsv,bonavista/
67a1d4b8d63a0c7ba1d2a2d6,,,Pure Wow Protect Sticks 12 Kg,pure-wow-protect-sticks-12-kg.webp,image/webp,139776,2560,1704,50,50,500,333,image/webp,32836,Pure Wow Protect Sticks 12 KG-500x333.webp,2025-02-04T08:50:00.546Z,2025-02-04T08:50:00.546Z,0,,,https://drive.google.com/uc?export=download&id=1mLjDmt5Zl4wiCWbV34ThRkT2dEl9Y5Yh,bonavista/
67a1d4b8d63a0c7ba1d2a2d8,,,Pure Wow Protect Sticks 6,pure-wow-protect-sticks-6.webp,image/webp,154058,2560,1704,50,50,500,333,image/webp,35314,Pure Wow Protect Sticks 6-500x333.webp,2025-02-04T08:50:00.690Z,2025-02-04T08:50:00.690Z,0,,,https://drive.google.com/uc?export=download&id=14-nnzDMQO3tTwDNUseiFCPIfz3O_TK-j,bonavista/
67a1d4bcd63a0c7ba1d2a2da,,,Purewow Amaze 400 Gm Bag,purewow-amaze-400-gm-bag.webp,image/webp,55722,2560,1703,50,50,500,333,image/webp,18680,PureWow Amaze 400 GM Bag-500x333.webp,2025-02-04T08:50:04.235Z,2025-02-04T08:50:04.235Z,0,,,https://drive.google.com/uc?export=download&id=1sfKf4xCiizgNjSv9QgCi3gFyO0bo4VZc,bonavista/
67a1d4c0d63a0c7ba1d2a2dc,,,Pool Rapid Action Filter Cleanse 800 Ml,pool-rapid-action-filter-cleanse-800-ml.webp,image/webp,79838,2560,1703,50,50,500,333,image/webp,19872,Pool Rapid Action Filter Cleanse 800 ML-500x333.webp,2025-02-04T08:50:08.032Z,2025-02-04T08:50:08.032Z,0,,,https://drive.google.com/uc?export=download&id=18_6waeFzhxrvSedQqLg-MfmyCm8OIJSf,bonavista/
67a1d4c0d63a0c7ba1d2a2de,,,Rapid Action Filter Cleanse 600 Ml,rapid-action-filter-cleanse-600-ml.webp,image/webp,42692,2560,1703,50,50,500,333,image/webp,12102,Rapid Action Filter Cleanse 600 ML-500x333.webp,2025-02-04T08:50:08.402Z,2025-02-04T08:50:08.402Z,0,,,https://www.bonavistaleisurescapes.com/Files/store/PicturesLg/DAZ08080-Rapid-Action-Filter-Cleanse-600-ml-scaled.jpg,bonavista/
67a1d4c4d63a0c7ba1d2a2e0,,,Rapid Action Stabilizer 2 Kg,rapid-action-stabilizer-2-kg.webp,image/webp,61668,2560,1703,50,50,500,333,image/webp,19426,Rapid Action Stabilizer 2 KG-500x333.webp,2025-02-04T08:50:12.007Z,2025-02-04T08:50:12.007Z,0,,,https://drive.google.com/uc?export=download&id=1PRmx2bkOwy21L419sfQiDrCNvnbtwfUk,bonavista/
67a1d4c7d63a0c7ba1d2a2e2,,,Salt Cell Cleaner 1 L,salt-cell-cleaner-1-l.webp,image/webp,54556,2560,1703,50,50,500,333,image/webp,16254,Salt Cell Cleaner 1 L-500x333.webp,2025-02-04T08:50:15.760Z,2025-02-04T08:50:15.760Z,0,,,https://drive.google.com/uc?export=download&id=19JG5HprWx4sgZcS693VJFettdj1hL5XX,bonavista/
67a1d4c7d63a0c7ba1d2a2e4,,,Serenade 32in,serenade-32in.webp,image/webp,1178,220,220,50,50,,,,,,2025-02-04T08:50:15.938Z,2025-02-04T08:50:15.938Z,0,,,https://www.bonavistaleisurescapes.com/Files/store/Pictures/Dekko%20Serenade2.jpg,bonavista/
67a1d4c8d63a0c7ba1d2a2e6,,,Serenade 40in,serenade-40in.webp,image/webp,1648,220,220,50,50,,,,,,2025-02-04T08:50:16.136Z,2025-02-04T08:50:16.136Z,0,,,https://www.bonavistaleisurescapes.com/Files/store/Pictures/Dekko%20Serenade%2040.jpg,bonavista/
67a1d4c8d63a0c7ba1d2a2e8,,,Signature Chaise Ledge Lounger,signature-chaise-ledge-lounger.webp,image/webp,7370,220,220,50,50,,,,,,2025-02-04T08:50:16.329Z,2025-02-04T08:50:16.329Z,0,,,https://www.bonavistaleisurescapes.com/Files/store/Pictures/ledge%20lounger.png,bonavista/
67a1d4c8d63a0c7ba1d2a2ea,,,Six Month Hot Tub Care Kit,six-month-hot-tub-care-kit.webp,image/webp,8370,375,375,50,50,,,,,,2025-02-04T08:50:16.624Z,2025-02-04T08:50:16.624Z,0,,,https://www.bonavistaleisurescapes.com/Files/store/PicturesLg/HTbundle1.png,bonavista/
67a1d4c8d63a0c7ba1d2a2ec,,,Solei 3,solei-3.webp,image/webp,6208,375,375,50,50,,,,,,2025-02-04T08:50:16.902Z,2025-02-04T08:50:16.902Z,0,,,https://www.bonavistaleisurescapes.com/Files/store/PicturesLg/Solei.png,bonavista/
67a1d4c9d63a0c7ba1d2a2ee,,,Sonoma,sonoma.webp,image/webp,748,220,220,50,50,,,,,,2025-02-04T08:50:17.106Z,2025-02-04T08:50:17.106Z,0,,,https://www.bonavistaleisurescapes.com/Files/store/Pictures/Dekko%20Sonoma.jpg,bonavista/
67a1d4c9d63a0c7ba1d2a2f0,,,Spa Booster Seat,spa-booster-seat.webp,image/webp,21834,831,732,50,50,500,440,image/webp,49552,Spa Booster Seat-500x440.webp,2025-02-04T08:50:17.681Z,2025-02-04T08:50:17.681Z,0,,,https://www.bonavistaleisurescapes.com/Files/store/Pictures/Booster-Seat.png,bonavista/
67a1d4ccd63a0c7ba1d2a2f2,,,Spa Cleaning Mitt,spa-cleaning-mitt.webp,image/webp,627126,2560,2526,50,50,500,493,image/webp,100250,Spa Cleaning Mitt-500x493.webp,2025-02-04T08:50:20.385Z,2025-02-04T08:50:20.385Z,0,,,https://www.bonavistaleisurescapes.com/Files/store/Pictures/Spa%20Mitt.png,bonavista/
67a1d4cdd63a0c7ba1d2a2f4,,,Spa Leaf Skimmer,spa-leaf-skimmer.webp,image/webp,429490,1920,2095,50,50,500,546,image/webp,102208,Spa Leaf Skimmer-500x546.webp,2025-02-04T08:50:21.508Z,2025-02-04T08:50:21.508Z,0,,,https://www.bonavistaleisurescapes.com/Files/store/Pictures/PA%20Skimmer.png,bonavista/
67a1d4cdd63a0c7ba1d2a2f6,,,Spa Pad,spa-pad.webp,image/webp,16110,400,390,50,50,,,,,,2025-02-04T08:50:21.760Z,2025-02-04T08:50:21.760Z,0,,,https://www.bonavistaleisurescapes.com/Files/store/Pictures/SpaPad_1024x1024@2x.jpg,bonavista/
67a1d4ced63a0c7ba1d2a2f8,,,Spa Scoop,spa-scoop.webp,image/webp,55506,675,675,50,50,500,500,image/webp,120438,Spa Scoop-500x500.webp,2025-02-04T08:50:22.113Z,2025-02-04T08:50:22.113Z,0,,,https://www.bonavistaleisurescapes.com/Files/store/Pictures/1002652692.jpg,bonavista/
67a1d4ced63a0c7ba1d2a2fa,,,Spa Sponge,spa-sponge.webp,image/webp,19184,442,478,50,50,,,,,,2025-02-04T08:50:22.374Z,2025-02-04T08:50:22.374Z,0,,,https://www.bonavistaleisurescapes.com/Files/store/Pictures/SPA-SPONGE.jpg,bonavista/
67a1d4ced63a0c7ba1d2a2fc,,,Spabomb Eucalyptus Mint 1,spabomb-eucalyptus-mint-1.webp,image/webp,29774,1280,1280,50,50,500,500,image/webp,31612,SpaBomb Eucalyptus Mint 1-500x500.webp,2025-02-04T08:50:22.709Z,2025-02-04T08:50:22.709Z,0,,,https://www.bonavistaleisurescapes.com/Files/store/PicturesLg/Inspararion-eucalyptus-spabomb-fragrance__67201.1513797869.jpg-copy.jpg,bonavista/
67a1d4cfd63a0c7ba1d2a2fe,,,Stabilized Chlorine Granules 650 Gm,stabilized-chlorine-granules-650-gm.webp,image/webp,68928,2560,1703,50,50,500,333,image/webp,13852,Stabilized Chlorine Granules 650 GM-500x333.webp,2025-02-04T08:50:23.301Z,2025-02-04T08:50:23.301Z,0,,,https://www.bonavistaleisurescapes.com/Files/store/PicturesLg/DAZ08301%20Chlorine%20Ganules%20650%20g.jpg,bonavista/
67a1d4d2d63a0c7ba1d2a300,,,Stabilized Chlorine Granules 2,stabilized-chlorine-granules-2.webp,image/webp,172690,2560,1704,50,50,500,333,image/webp,26742,Stabilized Chlorine Granules 2-500x333.webp,2025-02-04T08:50:26.777Z,2025-02-04T08:50:26.777Z,0,,,https://drive.google.com/uc?export=download&id=1s8MmA-ksOBtRWCNt4bPbqcGiREvfAbH9,bonavista/
67a1d4d3d63a0c7ba1d2a302,,,Stain Scale 1 Initial 750 Ml,stain-scale-1-initial-750-ml.webp,image/webp,52600,2560,1703,50,50,500,333,image/webp,12390,stain-scale-1-initial-750-ml-500x333.webp,2025-02-04T08:50:27.147Z,2025-02-08T19:19:32.292Z,0,/api/media/file/Stain & Scale 1 Initial 750 ML-500x333.webp,/api/media/file/Stain%20%26%20Scale%201%20Initial%20750%20ML-500x333.webp,/api/media/file/stain--scale-1-initial-750-ml.webp,bonavista/
67a1d4d3d63a0c7ba1d2a304,,,Stain Scale 2 Maintain 750 Ml,stain-scale-2-maintain-750-ml.webp,image/webp,54938,2560,1703,50,50,500,333,image/webp,12474,stain-scale-2-maintain-750-ml-500x333.webp,2025-02-04T08:50:27.549Z,2025-02-08T19:19:02.348Z,0,/api/media/file/Stain & Scale 2 Maintain 750 ML-500x333.webp,/api/media/file/Stain%20%26%20Scale%202%20Maintain%20750%20ML-500x333.webp,/api/media/file/stain--scale-2-maintain-750-ml.webp,bonavista/
67a1d4d7d63a0c7ba1d2a306,,,Stain Scale Cleanse 1 L,stain-scale-cleanse-1-l.webp,image/webp,83214,2560,1703,50,50,500,333,image/webp,19228,stain-scale-cleanse-1-l-500x333.webp,2025-02-04T08:50:31.360Z,2025-02-08T19:18:26.599Z,0,/api/media/file/Stain & Scale Cleanse 1 L-500x333.webp,/api/media/file/Stain%20%26%20Scale%20Cleanse%201%20L-500x333.webp,/api/media/file/stain--scale-cleanse-1-l.webp,bonavista/
67a1d4d7d63a0c7ba1d2a308,,,Stain Free 1 75 Lb,stain-free-175-lb.webp,image/webp,3360,220,220,50,50,,,,,,2025-02-04T08:50:31.561Z,2025-02-04T08:50:31.561Z,0,,,https://www.acdcfeeds.com/secure_html/custom/ACDC/vendors/NCBrands/productsSm/17400NCM.png,bonavista/
67a1d4d7d63a0c7ba1d2a30a,,,Submersible Pump,submersible-pump.webp,image/webp,4112,220,220,50,50,,,,,,2025-02-04T08:50:31.780Z,2025-02-04T08:50:31.780Z,0,,,https://www.bonavistaleisurescapes.com/Files/store/Pictures/Caliber%20Upump.png,bonavista/
67a1d4d8d63a0c7ba1d2a30c,,,Surface Cleanse 750 Ml,surface-cleanse-750-ml.webp,image/webp,53938,2560,1703,50,50,500,333,image/webp,13938,Surface Cleanse 750 ML-500x333.webp,2025-02-04T08:50:32.210Z,2025-02-04T08:50:32.210Z,0,,,https://www.bonavistaleisurescapes.com/Files/store/PicturesLg/DAZ08075-Dazzle-Pool-Hot-Tub-Surface-Cleanse-750ml-scaled.jpg,bonavista/
67a1d4dbd63a0c7ba1d2a30e,,,Swim Spa Cubes 13 Pack,swim-spa-cubes-13-pack.webp,image/webp,61240,2560,1704,50,50,500,333,image/webp,22352,Swim Spa Cubes 13 Pack-500x333.webp,2025-02-04T08:50:35.612Z,2025-02-04T08:50:35.612Z,0,,,https://drive.google.com/uc?export=download&id=1YsrYlw7En6L5iv-ws6ND2V1WXiolKLtA,bonavista/
67a1d4dfd63a0c7ba1d2a310,,,Swimspa Oxygen 1,swimspa-oxygen-1.webp,image/webp,40974,2560,1703,50,50,500,333,image/webp,14690,SwimSpa Oxygen 1-500x333.webp,2025-02-04T08:50:39.512Z,2025-02-04T08:50:39.512Z,0,,,https://drive.google.com/uc?export=download&id=1K84K9V7LYzkgTlLzpBN2zT5jRuVGrg3W,bonavista/
67a1d4e3d63a0c7ba1d2a312,,,The Magenta Stuff 1 L,the-magenta-stuff-1-l.webp,image/webp,43280,2560,1703,50,50,500,333,image/webp,14056,The Magenta Stuff 1 L-500x333.webp,2025-02-04T08:50:43.091Z,2025-02-04T08:50:43.091Z,0,,,https://drive.google.com/uc?export=download&id=1zLtZBlwyJNgJvc1vPqkIom1jIXGWSykq,bonavista/
67a1d4e6d63a0c7ba1d2a314,,,The Step Stuff Kit Each,the-step-stuff-kit-each.webp,image/webp,87322,2560,1704,50,50,500,333,image/webp,24330,The Step Stuff Kit each-500x333.webp,2025-02-04T08:50:46.534Z,2025-02-04T08:50:46.534Z,0,,,https://drive.google.com/uc?export=download&id=1h7oxsE1kdqon3VgeuaujGjbi5RbT-MHD,bonavista/
67a1d4e6d63a0c7ba1d2a316,,,Tutti Frutti Thermometer Lime,tutti-frutti-thermometer-lime.webp,image/webp,24928,800,800,50,50,500,500,image/webp,40648,Tutti-Frutti Thermometer (Lime)-500x500.webp,2025-02-04T08:50:46.879Z,2025-02-04T08:50:46.879Z,0,,,https://www.bonavistaleisurescapes.com/Files/store/Pictures/TM06DI5F-Lime.png,bonavista/
67a1d4e7d63a0c7ba1d2a318,,,Tutti Frutti Thermometer Pineapple,tutti-frutti-thermometer-pineapple.webp,image/webp,23878,800,800,50,50,500,500,image/webp,34938,Tutti-Frutti Thermometer (Pineapple)-500x500.webp,2025-02-04T08:50:47.293Z,2025-02-04T08:50:47.293Z,0,,,https://www.bonavistaleisurescapes.com/Files/store/Pictures/TM06DI5F-Pineapple.png,bonavista/
67a1d4e7d63a0c7ba1d2a31a,,,Tutti Frutti Thermometer Watermelon,tutti-frutti-thermometer-watermelon.webp,image/webp,32146,800,800,50,50,500,500,image/webp,51468,Tutti-Frutti Thermometer (Watermelon)-500x500.webp,2025-02-04T08:50:47.616Z,2025-02-04T08:50:47.616Z,0,,,https://www.bonavistaleisurescapes.com/Files/store/Pictures/TM06DI5F-Watermelon.png,bonavista/
67a1d4e8d63a0c7ba1d2a31c,,,Ultra Shock 2,ultra-shock-2.webp,image/webp,86910,2560,1703,50,50,500,333,image/webp,20660,Ultra Shock 2-500x333.webp,2025-02-04T08:50:48.429Z,2025-02-04T08:50:48.429Z,0,,,https://www.bonavistaleisurescapes.com/Files/store/PicturesLg/DAZ02502%20Ultra%20Shock%202%2075%20kg.JPG,bonavista/
67a1d4ead63a0c7ba1d2a31e,,,Ultra Shock 475 Gm,ultra-shock-475-gm.webp,image/webp,81310,2560,1664,50,50,500,325,image/webp,17094,Ultra Shock 475 GM-500x325.webp,2025-02-04T08:50:50.842Z,2025-02-04T08:50:50.842Z,0,,,https://drive.google.com/uc?export=download&id=1bcg_2aNUWmOJodJ8Up6optElmyl7YTE0,bonavista/
67a1d4ebd63a0c7ba1d2a320,,,Ultra Shock 950 Gm,ultra-shock-950-gm.webp,image/webp,74506,2560,1703,50,50,500,333,image/webp,21824,Ultra Shock 950 GM-500x333.webp,2025-02-04T08:50:51.594Z,2025-02-04T08:50:51.594Z,0,,,https://drive.google.com/uc?export=download&id=1iKJ-PEs_TENWKR67KRIFNMGENo8tYAqq,bonavista/
67a1d4ebd63a0c7ba1d2a322,,,Universal Hot Tub Step Black,universal-hot-tub-step-black.webp,image/webp,6972,521,454,50,50,500,436,image/webp,22218,Universal Hot Tub Step (Black)-500x436.webp,2025-02-04T08:50:51.924Z,2025-02-04T08:50:51.924Z,0,,,https://www.bonavistaleisurescapes.com/Files/store/Pictures/Black-Step.png,bonavista/
67a1d4ecd63a0c7ba1d2a324,,,Universal Hot Tub Step Grey,universal-hot-tub-step-grey.webp,image/webp,6918,470,430,50,50,,,,,,2025-02-04T08:50:52.156Z,2025-02-04T08:50:52.156Z,0,,,https://www.bonavistaleisurescapes.com/Files/store/Pictures/Grey-Step.png,bonavista/
67a1d4ecd63a0c7ba1d2a326,,,Vektro Z200 Handheld Rechargeable Vacuum,vektro-z200-handheld-rechargeable-vacuum.webp,image/webp,17306,800,749,50,50,500,468,image/webp,28956,Vektro Z200 Handheld Rechargeable Vacuum-500x468.webp,2025-02-04T08:50:52.497Z,2025-02-04T08:50:52.497Z,0,,,https://www.bonavistaleisurescapes.com/Files/store/Pictures/Vektro%20Kokido.png,bonavista/
67a1d4ecd63a0c7ba1d2a328,,,Yellow Kick Board,yellow-kick-board.webp,image/webp,21912,1000,1000,50,50,500,500,image/webp,25776,Yellow Kick Board-500x500.webp,2025-02-04T08:50:52.795Z,2025-02-04T08:50:52.795Z,0,,,https://www.bonavistaleisurescapes.com/Files/store/Pictures/SA2370B-80-leader-kick-board-1.jpg,bonavista/
67a1d4edd63a0c7ba1d2a32a,,,Zephira Maintenance Kit,zephira-maintenance-kit.webp,image/webp,59316,982,696,50,50,500,354,image/webp,84976,Zephira Maintenance Kit-500x354.webp,2025-02-04T08:50:53.162Z,2025-02-04T08:50:53.162Z,0,,,https://www.bonavistaleisurescapes.com/Files/store/Pictures/zephira-kokido-maintenance-kit.jpg,bonavista/
67a1d4edd63a0c7ba1d2a32c,,,Zorbie Water Bobble,zorbie-water-bobble.webp,image/webp,46588,900,900,50,50,500,500,image/webp,61224,Zorbie Water Bobble-500x500.webp,2025-02-04T08:50:53.488Z,2025-02-04T08:50:53.488Z,0,,,https://www.bonavistaleisurescapes.com/Files/store/Pictures/RBF-22-Zorbies-173484-full.jpg,bonavista/
